"matricule","nom","prenom","sexe","annee","classe","groupe","nomResp","courriel","telephone1","telephone2","telephone3","nomPere","telPere","gsmPere","mailPere","nomMere","telMere","gsmMere","mailMere","adresseEleve","cpostEleve","localiteEleve","adresseResp","cpostResp","localiteResp","DateNaiss","commNaissance","section"
"5605","Aalioua","Sterio","F","2C","2CF","2CF",,,,,,,,,,,,,,,,,,,,"2000-07-15",,"G"
"4654","Abate","Imane","F","4","4D","4D",,,,,,,,,,,,,,,,,,,,"1998-02-15",,"G"
"5962","Abbassi","Armela","F","1C","1C4","1C4",,,,,,,,,,,,,,,,,,,,"2001-12-31",,"G"
"4635","Abbracciante","Rei","M","4","4F","4F",,,,,,,,,,,,,,,,,,,,"1998-12-10",,"G"
"4634","Abbracciante","Youssra","F","4","4C","4C",,,,,,,,,,,,,,,,,,,,"1998-12-10",,"G"
"4148","Abdouche","Laura","M","5","5C","5C",,,,,,,,,,,,,,,,,,,,"1997-07-05",,"G"
"3067","Abis","Ines","F","6","6D","6D",,,,,,,,,,,,,,,,,,,,"1995-06-15",,"G"
"5449","Abis","Alessandro","M","2C","2CG","2CG",,,,,,,,,,,,,,,,,,,,"2000-03-08",,"G"
"5750","Acheddad","Elisa","F","1C","1C1","1C1",,,,,,,,,,,,,,,,,,,,"2001-03-26",,"G"
"3928","Acheddad","François","F","5","5C","5C",,,,,,,,,,,,,,,,,,,,"1997-03-05",,"G"
"6079","Ackermans","Irem","F","3","3A","3A",,,,,,,,,,,,,,,,,,,,"1999-02-23",,"TT"
"5800","Adar","Mevlut Erim","F","1C","1C3","1C3",,,,,,,,,,,,,,,,,,,,"2001-06-24",,"G"
"4847","Adar","Inès","M","2S","2SI","2SI",,,,,,,,,,,,,,,,,,,,"1999-07-22",,"G"
"3701","Addamo","Nisrine","F","5","5A","5A",,,,,,,,,,,,,,,,,,,,"1996-04-18",,"TT"
"4272","Agblevor","Marine","M","5","5D","5D",,,,,,,,,,,,,,,,,,,,"1997-12-07",,"G"
"4581","Agdaci","Aurélie","M","3","3B","3B",,,,,,,,,,,,,,,,,,,,"1998-05-01",,"G"
"4996","Agha Jan","Julien","M","2S","2SI","2SI",,,,,,,,,,,,,,,,,,,,"1999-12-21",,"G"
"5410","Agostini","Elodie","F","2C","2CG","2CG",,,,,,,,,,,,,,,,,,,,"2000-07-06",,"G"
"3955","Agro","Benedict","F","5","5A","5A",,,,,,,,,,,,,,,,,,,,"1997-03-22",,"TT"
"5771","Agro","Emre","M","1C","1C8","1C8",,,,,,,,,,,,,,,,,,,,"2001-11-13",,"G"
"3877","Ahallouche","Abdul","M","5","5B","5B",,,,,,,,,,,,,,,,,,,,"1997-05-07",,"G"
"3648","Aït Said","Magy","M","6","6C","6C",,,,,,,,,,,,,,,,,,,,"1996-02-12",,"G"
"4543","Aït Said","Loredana","F","3","3A","3A",,,,,,,,,,,,,,,,,,,,"1998-05-21",,"TT"
"3408","Akachar","Lucas","M","6","6A","6A",,,,,,,,,,,,,,,,,,,,"1995-04-04",,"TT"
"4756","Akachar","Amine","M","3","3B","3B",,,,,,,,,,,,,,,,,,,,"2000-01-20",,"G"
"5419","Akdeniz","Amine","F","1S","1S5","1S5",,,,,,,,,,,,,,,,,,,,"1999-11-02",,"G"
"5763","Akel","Khadija","M","1C","1C6","1C6",,,,,,,,,,,,,,,,,,,,"2000-11-14",,"G"
"4793","Akel","Ilias","F","2S","2SJ","2SJ",,,,,,,,,,,,,,,,,,,,"1999-02-13",,"G"
"5042","Akel","Yassine","M","2S","2SI","2SI",,,,,,,,,,,,,,,,,,,,"1999-05-18",,"G"
"5004","Akhiad","Sara","F","3","3E","3E",,,,,,,,,,,,,,,,,,,,"1999-08-12",,"G"
"5664","Akongankoy Olenga","Abdelrahman","F","1S","1S6","1S6",,,,,,,,,,,,,,,,,,,,"1999-11-09",,"G"
"5907","Akrich","Hajar","F","1C","1C8","1C8",,,,,,,,,,,,,,,,,,,,"2001-12-21",,"G"
"5906","Aktas","Mohammed","F","1C","1C7","1C7",,,,,,,,,,,,,,,,,,,,"2001-10-01",,"G"
"5936","Al Aasri","Oumaima","M","1C","1C4","1C4",,,,,,,,,,,,,,,,,,,,"2001-02-07",,"G"
"5592","Albert","Marina","F","2C","2CA","2CA",,,,,,,,,,,,,,,,,,,,"2000-10-14",,"G"
"5442","Alengaki","Ihsane","F","2C","2CF","2CF",,,,,,,,,,,,,,,,,,,,"2000-08-04",,"G"
"4656","Alengakis","Ebru","M","4","4E","4E",,,,,,,,,,,,,,,,,,,,"1998-10-23",,"G"
"5739","Al Halabi","Oudayva","M","1C","1C7","1C7",,,,,,,,,,,,,,,,,,,,"2001-04-25",,"G"
"3586","Ali-Hassan","Elisabeth","F","5","5A","5A",,,,,,,,,,,,,,,,,,,,"1996-11-07",,"TT"
"2795","Ali Hassan","Theodossia","M","6","6A","6A",,,,,,,,,,,,,,,,,,,,"1994-05-10",,"G"
"5057","Ali-Khodja","Emmanuel","M","6","6A","6A",,,,,,,,,,,,,,,,,,,,"1996-03-14",,"TT"
"4657","Allach","Mohamed Nazir","M","3","3G","3G",,,,,,,,,,,,,,,,,,,,"1998-10-06",,"G"
"5389","Al Sadi","Lyn","M","2C","2CE","2CE",,,,,,,,,,,,,,,,,,,,"2000-03-12",,"G"
"6011","Altepe","Sam Nasser","M","1C","1C6","1C6",,,,,,,,,,,,,,,,,,,,"2001-07-23",,"G"
"4812","Alves Zerio","Alexis","F","3","3E","3E",,,,,,,,,,,,,,,,,,,,"1999-04-12",,"G"
"5073","Alvin","Walid","M","2S","2SI","2SI",,,,,,,,,,,,,,,,,,,,"1998-10-17",,"G"
"4755","Amajod","Khalil","F","3","3F","3F",,,,,,,,,,,,,,,,,,,,"1999-06-20",,"G"
"3944","Amajod","Onur","M","5","5C","5C",,,,,,,,,,,,,,,,,,,,"1997-12-09",,"G"
"4894","Amallou","Sofia","F","2S","2SD","2SD",,,,,,,,,,,,,,,,,,,,"1999-06-25",,"G"
"3495","Amani","Julien","F","6","6A","6A",,,,,,,,,,,,,,,,,,,,"1996-01-21",,"TT"
"4916","Amar","Fatima Zahra","F","3","3E","3E",,,,,,,,,,,,,,,,,,,,"1999-01-29",,"G"
"4981","Amara","Mohamed El  Amine","F","2S","2SJ","2SJ",,,,,,,,,,,,,,,,,,,,"1999-03-09",,"G"
"3697","Amari","Fatima","M","6","6D","6D",,,,,,,,,,,,,,,,,,,,"1996-11-05",,"G"
"4918","Ameziyan","Ymen","F","2S","2SI","2SI",,,,,,,,,,,,,,,,,,,,"1999-01-18",,"G"
"5513","Amine","Soukaina","M","2C","2CC","2CC",,,,,,,,,,,,,,,,,,,,"2000-04-14",,"G"
"5816","Amine","Hafssa","M","1C","1C7","1C7",,,,,,,,,,,,,,,,,,,,"2001-07-13",,"G"
"5538","Amisi Tambwe","Bilal","F","2C","2CK","2CK",,,,,,,,,,,,,,,,,,,,"1999-03-31",,"G"
"5396","Amrani","Sabria","M","2C","2CB","2CB",,,,,,,,,,,,,,,,,,,,"2000-12-16",,"G"
"5063","Andries","Mehdi","F","6","6A","6A",,,,,,,,,,,,,,,,,,,,"1996-05-31",,"TT"
"5828","Antoons","Salahdine","F","1C","1C3","1C3",,,,,,,,,,,,,,,,,,,,"2001-07-19",,"G"
"4608","Aouad","Christina","F","4","4E","4E",,,,,,,,,,,,,,,,,,,,"1998-07-01",,"G"
"5919","Arcoulin","Bilal","M","1C","1C2","1C2",,,,,,,,,,,,,,,,,,,,"2001-06-20",,"G"
"5905","Ardelean","Jessica","M","1C","1C3","1C3",,,,,,,,,,,,,,,,,,,,"2001-05-11",,"G"
"3879","Arends","Alexiane","M","5","5C","5C",,,,,,,,,,,,,,,,,,,,"1997-03-03",,"G"
"5018","Arifi","Iman","F","2S","2SD","2SD",,,,,,,,,,,,,,,,,,,,"1999-08-16",,"G"
"6088","Arshad","Emilien","M","2C","2CK","2CK",,,,,,,,,,,,,,,,,,,,"2000-08-08",,"G"
"6098","Assbai","Patrick","F","4","4B","4B",,,,,,,,,,,,,,,,,,,,"1998-09-19",,"G"
"5550","Azahaf","Quentin","F","2C","2CA","2CA",,,,,,,,,,,,,,,,,,,,"2000-01-09",,"G"
"5727","Azahaf","Lindore","F","1C","1C8","1C8",,,,,,,,,,,,,,,,,,,,"2001-07-01",,"G"
"5726","Azahaf","Sufyan","M","1C","1C6","1C6",,,,,,,,,,,,,,,,,,,,"2000-05-17",,"G"
"3133","Azaoum","Imane","F","6","6E","6E",,,,,,,,,,,,,,,,,,,,"1995-03-14",,"TQ"
"5904","Azmar","Assia","M","1C","1C4","1C4",,,,,,,,,,,,,,,,,,,,"2001-10-01",,"G"
"5814","Azoioui","Dickra","F","1C","1C8","1C8",,,,,,,,,,,,,,,,,,,,"2001-01-28",,"G"
"4610","Azoioui","Nadir","M","3","3D","3D",,,,,,,,,,,,,,,,,,,,"1998-05-17",,"G"
"5903","Azzahafi","Tiziana","F","1C","1C8","1C8",,,,,,,,,,,,,,,,,,,,"2001-09-01",,"G"
"5471","Babe Iraguha","Youness","M","2C","2CB","2CB",,,,,,,,,,,,,,,,,,,,"2000-03-28",,"G"
"4579","Bachiri","Iman","F","4","4D","4D",,,,,,,,,,,,,,,,,,,,"1998-08-27",,"G"
"3965","Bachiri","Nabil","F","5","5E","5E",,,,,,,,,,,,,,,,,,,,"1997-01-07",,"TQ"
"5521","Bahaïd","Hajar","F","2C","2CH","2CH",,,,,,,,,,,,,,,,,,,,"2000-09-24",,"G"
"5470","Bahassou","Emile Willy","F","2C","2CF","2CF",,,,,,,,,,,,,,,,,,,,"2000-02-22",,"G"
"5752","Bahassou","Anissa","F","1C","1C4","1C4",,,,,,,,,,,,,,,,,,,,"2001-04-30",,"G"
"3993","Bahassou","Ghyzlaine","F","5","5E","5E",,,,,,,,,,,,,,,,,,,,"1997-01-08",,"TQ"
"4836","Baily","Sarah","F","3","3G","3G",,,,,,,,,,,,,,,,,,,,"1999-08-30",,"G"
"4639","Bajraktari","Nisrine","M","3","3B","3B",,,,,,,,,,,,,,,,,,,,"1998-01-27",,"G"
"6110","Bakkach","Salma","F","5","5E","5E",,,,,,,,,,,,,,,,,,,,"1996-01-05",,"TQ"
"5663","Bakkali","Yasmina","F","2C","2CH","2CH",,,,,,,,,,,,,,,,,,,,"2000-01-22",,"G"
"3185","Bakkali Tahiri","Justine","F","6","6D","6D",,,,,,,,,,,,,,,,,,,,"1995-10-13",,"G"
"5858","Baldyga","Silvan","M","1C","1C8","1C8",,,,,,,,,,,,,,,,,,,,"2001-01-29",,"G"
"3622","Ballant","Chaïmae","F","6","6C","6C",,,,,,,,,,,,,,,,,,,,"1996-08-09",,"G"
"4804","Ballant","Cherihane","M","3","3H","3H",,,,,,,,,,,,,,,,,,,,"1999-11-04",,"G"
"6119","Bancila","Chaïma","M","4","4B","4B",,,,,,,,,,,,,,,,,,,,"1997-03-23",,"G"
"5573","Banobe","Kamil","M","2C","2CG","2CG",,,,,,,,,,,,,,,,,,,,"1999-08-23",,"G"
"6064","Barakhoeva","Lucile","F","4","4D","4D",,,,,,,,,,,,,,,,,,,,"1998-09-17",,"G"
"3717","Barresi","Romain","F","5","5B","5B",,,,,,,,,,,,,,,,,,,,"1996-11-01",,"G"
"5839","Bartolini","Robert","F","1C","1C3","1C3",,,,,,,,,,,,,,,,,,,,"2000-01-14",,"G"
"3561","Bastenier","Jacques Salomon","M","6","6B","6B",,,,,,,,,,,,,,,,,,,,"1996-06-26",,"G"
"4786","Batik","Dana","M","2S","2SJ","2SJ",,,,,,,,,,,,,,,,,,,,"1999-07-01",,"G"
"5767","Batik","Elisa","F","1C","1C6","1C6",,,,,,,,,,,,,,,,,,,,"2001-02-23",,"G"
"5572","Beanga Denangowe","Laetitia","F","2C","2CH","2CH",,,,,,,,,,,,,,,,,,,,"2000-06-18",,"G"
"6010","Bekkouri Richa","Gilles","M","1C","1C5","1C5",,,,,,,,,,,,,,,,,,,,"2001-03-04",,"G"
"5833","Beldjilali","Sabri","M","1C","1C2","1C2",,,,,,,,,,,,,,,,,,,,"2001-11-06",,"G"
"4860","Bellemans","Sanem","F","3","3E","3E",,,,,,,,,,,,,,,,,,,,"1999-06-10",,"G"
"3533","Bellemans","Simonne","F","6","6A","6A",,,,,,,,,,,,,,,,,,,,"1996-10-20",,"TT"
"4794","Belmamoun","Nassim","M","2S","2SD","2SD",,,,,,,,,,,,,,,,,,,,"1999-05-07",,"G"
"5519","Belmir","Rayän","M","2C","2CC","2CC",,,,,,,,,,,,,,,,,,,,"2000-10-06",,"G"
"5749","Ben Abdallah","Alicia","M","1C","1C4","1C4",,,,,,,,,,,,,,,,,,,,"2001-02-13",,"G"
"4650","Ben Abdallah","Mégane","F","3","3G","3G",,,,,,,,,,,,,,,,,,,,"1998-07-29",,"G"
"5451","Ben Ali","Ibrahim","F","2C","2CE","2CE",,,,,,,,,,,,,,,,,,,,"2000-06-09",,"G"
"5455","Ben Bahida","Amine","F","2C","2CG","2CG",,,,,,,,,,,,,,,,,,,,"1999-07-06",,"G"
"4629","Benchaali","Adam","M","4","4B","4B",,,,,,,,,,,,,,,,,,,,"1998-02-05",,"G"
"5453","Benchaali","Zina","M","2C","2CF","2CF",,,,,,,,,,,,,,,,,,,,"2000-11-07",,"G"
"5420","Benelamine","Marjan","M","2C","2CA","2CA",,,,,,,,,,,,,,,,,,,,"2000-12-14",,"G"
"4641","Benhaddou","Dina","F","3","3G","3G",,,,,,,,,,,,,,,,,,,,"1998-02-02",,"G"
"5843","Ben Haj Salem","Jawad","F","1C","1C4","1C4",,,,,,,,,,,,,,,,,,,,"2001-11-10",,"G"
"5845","Benitez Alberdi","Oussama","F","1C","1C4","1C4",,,,,,,,,,,,,,,,,,,,"2001-05-16",,"G"
"5753","Benkolla","Ismail","F","1C","1C3","1C3",,,,,,,,,,,,,,,,,,,,"2001-11-10",,"G"
"5411","Benkolla","Sanae","M","2C","2CC","2CC",,,,,,,,,,,,,,,,,,,,"2000-08-25",,"G"
"5662","Ben Lafkih","Lina","F","2C","2CB","2CB",,,,,,,,,,,,,,,,,,,,"2000-11-28",,"G"
"4624","Ben Mechlia","Alaya Maria","F","4","4A","4A",,,,,,,,,,,,,,,,,,,,"1998-04-13",,"TT"
"5761","Ben Mehdi","Nisrine","F","1C","1C7","1C7",,,,,,,,,,,,,,,,,,,,"2001-04-01",,"G"
"4792","Ben Mehdi","Wassim","F","3","3H","3H",,,,,,,,,,,,,,,,,,,,"1999-06-09",,"G"
"4154","Benmerzouk","Nawal","F","5","5D","5D",,,,,,,,,,,,,,,,,,,,"1997-07-10",,"G"
"4580","Ben Messaoud","Jasmine","M","4","4B","4B",,,,,,,,,,,,,,,,,,,,"1998-03-23",,"G"
"4783","Ben Mimoun","Nada","F","3","3H","3H",,,,,,,,,,,,,,,,,,,,"1999-03-16",,"G"
"5901","Ben Rlitom","Youssra","F","1C","1C7","1C7",,,,,,,,,,,,,,,,,,,,"2001-11-03",,"G"
"6058","Bensellam","Nawal","M","5","5E","5E",,,,,,,,,,,,,,,,,,,,"1994-06-18",,"TQ"
"5882","Benyahia","Moussa","M","1C","1C1","1C1",,,,,,,,,,,,,,,,,,,,"2001-03-15",,"G"
"5404","Benzarti","Louisa","M","2C","2CA","2CA",,,,,,,,,,,,,,,,,,,,"2000-02-21",,"G"
"5549","Benzarti","Louisa","F","2C","2CH","2CH",,,,,,,,,,,,,,,,,,,,"2000-06-24",,"G"
"4305","Berchan Ourrami","Asdin","M","5","5D","5D",,,,,,,,,,,,,,,,,,,,"1996-05-08",,"G"
"3639","Bergallou","Sofiane","F","6","6B","6B",,,,,,,,,,,,,,,,,,,,"1996-08-25",,"G"
"4841","Bergallou","Bilal","M","3","3G","3G",,,,,,,,,,,,,,,,,,,,"1999-02-06",,"G"
"3570","Bigaj","Yasmine","M","6","6C","6C",,,,,,,,,,,,,,,,,,,,"1996-09-03",,"G"
"6009","Bil","Mohamed","F","1C","1C8","1C8",,,,,,,,,,,,,,,,,,,,"2001-05-26",,"G"
"3168","Blaimont","Nisrine","M","5","5D","5D",,,,,,,,,,,,,,,,,,,,"1995-12-01",,"G"
"4782","Blommaert","Yassine","F","3","3F","3F",,,,,,,,,,,,,,,,,,,,"1999-09-28",,"G"
"6070","Bobrowicz","Adam","M","2C","2CF","2CF",,,,,,,,,,,,,,,,,,,,"2000-02-28",,"G"
"5918","Bodo","Tiffany","M","1C","1C6","1C6",,,,,,,,,,,,,,,,,,,,"2001-11-10",,"G"
"6057","Bonessa","Nicolas","F","5","5E","5E",,,,,,,,,,,,,,,,,,,,"1993-12-09",,"TQ"
"4803","Boratynski","Laure","M","3","3G","3G",,,,,,,,,,,,,,,,,,,,"1999-09-12",,"G"
"5548","Borzym","Karol","F","2C","2CK","2CK",,,,,,,,,,,,,,,,,,,,"2000-08-13",,"G"
"5917","Bottequin","Alexis","M","1C","1C1","1C1",,,,,,,,,,,,,,,,,,,,"2001-02-10",,"G"
"5738","Bouarfa","Karen","M","1C","1C7","1C7",,,,,,,,,,,,,,,,,,,,"2001-08-07",,"G"
"4843","Bouchiker","Maksymilian","M","3","3H","3H",,,,,,,,,,,,,,,,,,,,"1999-08-13",,"G"
"5810","Bouddount","Julita","M","1C","1C2","1C2",,,,,,,,,,,,,,,,,,,,"2001-03-17",,"G"
"3541","Bouddount","Loïc","M","6","6C","6C",,,,,,,,,,,,,,,,,,,,"1996-04-15",,"G"
"5712","Boudiouane","Nasim","F","1S","1S7","1S7",,,,,,,,,,,,,,,,,,,,"2000-07-26",,"G"
"4914","Boudiouane","Yassine","M","2S","2SD","2SD",,,,,,,,,,,,,,,,,,,,"1998-06-19",,"G"
"6116","Boughanem","Sohaib","M","2C","2CC","2CC",,,,,,,,,,,,,,,,,,,,"2000-01-31",,"G"
"5534","Boughanmi","Wassime","F","2C","2CF","2CF",,,,,,,,,,,,,,,,,,,,"2000-01-13",,"G"
"3514","Bougria","Hind","M","6","6C","6C",,,,,,,,,,,,,,,,,,,,"1996-02-02",,"G"
"3694","Bouguep Youmbi","Sami","F","6","6B","6B",,,,,,,,,,,,,,,,,,,,"1996-04-30",,"G"
"5840","Bou Hachem","Soufiane","F","1C","1C7","1C7",,,,,,,,,,,,,,,,,,,,"2001-04-10",,"G"
"5900","Boulaich","Ines","F","1C","1C6","1C6",,,,,,,,,,,,,,,,,,,,"2001-10-19",,"G"
"5490","Boulhatar","Oussama","M","2C","2CF","2CF",,,,,,,,,,,,,,,,,,,,"2000-01-26",,"G"
"5803","Boulkhrif","Serge","M","1D","1DD","1DD",,,,,,,,,,,,,,,,,,,,"2000-12-13",,"G"
"3661","Boulkhrif","Naziha","F","5","5B","5B",,,,,,,,,,,,,,,,,,,,"1996-02-14",,"G"
"5748","Boumendil","Kawtar","M","1C","1C4","1C4",,,,,,,,,,,,,,,,,,,,"2001-11-28",,"G"
"4769","Boumendil","Amine","F","3","3G","3G",,,,,,,,,,,,,,,,,,,,"1999-05-29",,"G"
"3571","Bourjouani","Badr","M","6","6C","6C",,,,,,,,,,,,,,,,,,,,"1996-12-11",,"G"
"6108","Bourzik","Kawtar","M","5","5E","5E",,,,,,,,,,,,,,,,,,,,"1993-02-24",,"TQ"
"5021","Bousstta","Sofian","M","2S","2SD","2SD",,,,,,,,,,,,,,,,,,,,"1999-05-18",,"G"
"5437","Bouyanfif","Yasmina","M","2C","2CB","2CB",,,,,,,,,,,,,,,,,,,,"2000-06-29",,"G"
"3530","Bouyanfif","Youness","F","5","5D","5D",,,,,,,,,,,,,,,,,,,,"1996-12-24",,"G"
"4630","Bouzraa","Othmane","F","4","4E","4E",,,,,,,,,,,,,,,,,,,,"1998-04-29",,"G"
"5078","Bové","Anis","M","4","4C","4C",,,,,,,,,,,,,,,,,,,,"1997-02-26",,"G"
"4867","Bovy","Mehdi","F","3","3E","3E",,,,,,,,,,,,,,,,,,,,"1999-08-06",,"G"
"2991","Brancato","Soraya","M","6","6D","6D",,,,,,,,,,,,,,,,,,,,"1995-04-23",,"G"
"3883","Brancato","Nisrine","M","4","4C","4C",,,,,,,,,,,,,,,,,,,,"1997-10-10",,"G"
"5792","Branowski","David","F","1C","1C4","1C4",,,,,,,,,,,,,,,,,,,,"2001-04-12",,"G"
"5013","Branowski","Chelsea","F","3","3H","3H",,,,,,,,,,,,,,,,,,,,"1999-08-30",,"G"
"5794","Breysens","Diego","M","1C","1C2","1C2",,,,,,,,,,,,,,,,,,,,"2001-07-16",,"G"
"4739","Breysens","Tony","F","4","4E","4E",,,,,,,,,,,,,,,,,,,,"1998-03-19",,"G"
"4813","Briglia","Samantha","M","3","3H","3H",,,,,,,,,,,,,,,,,,,,"1999-10-28",,"G"
"3884","Briglia","Vanessa","M","5","5C","5C",,,,,,,,,,,,,,,,,,,,"1997-05-26",,"G"
"5493","Brinicha","Matis","F","2C","2CG","2CG",,,,,,,,,,,,,,,,,,,,"2000-05-18",,"G"
"4907","Brion","Morgane","F","3","3A","3A",,,,,,,,,,,,,,,,,,,,"1999-05-09",,"TT"
"4781","Brodie","Cédric","M","2S","2SJ","2SJ",,,,,,,,,,,,,,,,,,,,"1999-04-25",,"G"
"4978","Brogniet","Cyril","M","3","3G","3G",,,,,,,,,,,,,,,,,,,,"1999-05-04",,"G"
"3575","Brohée","Yousra","F","6","6C","6C",,,,,,,,,,,,,,,,,,,,"1996-12-13",,"G"
"5450","Brohée","Fiona","M","2C","2CC","2CC",,,,,,,,,,,,,,,,,,,,"2000-04-27",,"G"
"4620","Brouns","Ryan","F","4","4F","4F",,,,,,,,,,,,,,,,,,,,"1998-08-10",,"G"
"5695","Buche","Geoffrey","F","6","6E","6E",,,,,,,,,,,,,,,,,,,,"1995-10-10",,"TQ"
"4658","Buntinx","Maëlle","F","4","4E","4E",,,,,,,,,,,,,,,,,,,,"1998-09-06",,"G"
"3687","Bureau","Victor","F","6","6C","6C",,,,,,,,,,,,,,,,,,,,"1996-01-02",,"G"
"5827","Butaye","Doriane","M","1C","1C1","1C1",,,,,,,,,,,,,,,,,,,,"2001-08-23",,"G"
"4906","Butera","Jessica","F","3","3E","3E",,,,,,,,,,,,,,,,,,,,"1999-02-27",,"G"
"5465","Buyck","Gillian","F","2C","2CB","2CB",,,,,,,,,,,,,,,,,,,,"2000-11-10",,"G"
"4540","Buylla Vinas","Océane","F","4","4F","4F",,,,,,,,,,,,,,,,,,,,"1998-06-13",,"G"
"5819","Bytebier","Sebastien","F","1C","1C2","1C2",,,,,,,,,,,,,,,,,,,,"2001-02-26",,"G"
"4950","Cacciato","Antonina","F","3","3C","3C",,,,,,,,,,,,,,,,,,,,"1999-03-07",,"G"
"5703","Caci","Amélie","F","4","4A","4A",,,,,,,,,,,,,,,,,,,,"1997-09-09",,"TT"
"4893","Caffiero","Lucia","F","3","3F","3F",,,,,,,,,,,,,,,,,,,,"1999-10-25",,"G"
"4588","Calabrese","Juliette","M","3","3C","3C",,,,,,,,,,,,,,,,,,,,"1998-11-04",,"G"
"6090","Calin","Léa","M","2D","2DD","2DD",,,,,,,,,,,,,,,,,,,,"1998-08-07",,"G"
"5815","Calleja y Tuñon","Chiara","F","1C","1C5","1C5",,,,,,,,,,,,,,,,,,,,"2001-05-02",,"G"
"3931","Calleja Y Tunon","Anna Maria","F","4","4C","4C",,,,,,,,,,,,,,,,,,,,"1997-03-31",,"G"
"6059","Cammarata","Lucas","F","2C","2CH","2CH",,,,,,,,,,,,,,,,,,,,"2000-01-27",,"G"
"4636","Caps","Vasile","F","3","3C","3C",,,,,,,,,,,,,,,,,,,,"1998-01-26",,"G"
"3598","Cardoen","Laura","F","6","6B","6B",,,,,,,,,,,,,,,,,,,,"1996-08-23",,"G"
"4826","Cardoen","Mélanie","M","3","3A","3A",,,,,,,,,,,,,,,,,,,,"1999-03-09",,"TT"
"5801","Carlier","Letiziana","M","1C","1C5","1C5",,,,,,,,,,,,,,,,,,,,"2000-09-14",,"G"
"4637","Carlier","Anastasia","F","4","4D","4D",,,,,,,,,,,,,,,,,,,,"1998-02-24",,"G"
"5737","Carmoy","Fanny","F","1C","1C6","1C6",,,,,,,,,,,,,,,,,,,,"2001-01-12",,"G"
"4044","Carreau","Léo","F","5","5B","5B",,,,,,,,,,,,,,,,,,,,"1997-04-10",,"G"
"4901","Casal Cabanas","Guillaume","F","3","3B","3B",,,,,,,,,,,,,,,,,,,,"1999-03-02",,"G"
"4659","Castano Basante","Pauline","F","3","3A","3A",,,,,,,,,,,,,,,,,,,,"1998-11-11",,"TT"
"5475","Castano Basante","Deborah","F","2C","2CB","2CB",,,,,,,,,,,,,,,,,,,,"2000-06-19",,"G"
"3710","Caufriez","Sophie","F","6","6B","6B",,,,,,,,,,,,,,,,,,,,"1996-05-20",,"G"
"4831","Caufriez","Laura","M","3","3D","3D",,,,,,,,,,,,,,,,,,,,"1999-07-12",,"G"
"4625","Ceman","Alicia","F","4","4F","4F",,,,,,,,,,,,,,,,,,,,"1998-12-24",,"G"
"3888","Cepeda Santamaria","Laura","F","5","5E","5E",,,,,,,,,,,,,,,,,,,,"1997-04-10",,"TQ"
"4833","Chaer","Marine","F","3","3G","3G",,,,,,,,,,,,,,,,,,,,"1999-09-10",,"G"
"5862","Chakil","Romain","M","1C","1C5","1C5",,,,,,,,,,,,,,,,,,,,"2001-08-16",,"G"
"5988","Chakroune","Lamia","F","1C","1C1","1C1",,,,,,,,,,,,,,,,,,,,"2001-11-01",,"G"
"5795","Champion","Samia","F","1C","1C4","1C4",,,,,,,,,,,,,,,,,,,,"2001-01-30",,"G"
"4735","Champion","Yasmine","F","4","4B","4B",,,,,,,,,,,,,,,,,,,,"1998-07-03",,"G"
"3654","Charradi","Mehdi","M","6","6A","6A",,,,,,,,,,,,,,,,,,,,"1996-08-24",,"G"
"4805","Charradi","Ines","M","3","3B","3B",,,,,,,,,,,,,,,,,,,,"1999-08-05",,"G"
"4937","Chaussier","Auriane","F","3","3H","3H",,,,,,,,,,,,,,,,,,,,"1999-06-30",,"G"
"5780","Chaussier","Laurine","M","1C","1C2","1C2",,,,,,,,,,,,,,,,,,,,"2001-10-14",,"G"
"5853","Chaussier","Anas","F","1C","1C1","1C1",,,,,,,,,,,,,,,,,,,,"2001-08-17",,"G"
"5500","Chetoui","Wassim","M","2C","2CH","2CH",,,,,,,,,,,,,,,,,,,,"2000-08-28",,"G"
"6118","Christen","Amandine","F","5","5A","5A",,,,,,,,,,,,,,,,,,,,"1996-02-14",,"TT"
"4292","Cicchelli","Baptiste","F","4","4A","4A",,,,,,,,,,,,,,,,,,,,"1997-09-19",,"TT"
"3953","Cinaroglu","Marie","F","4","4F","4F",,,,,,,,,,,,,,,,,,,,"1997-08-04",,"G"
"3889","Cinoglu","Amine","M","4","4C","4C",,,,,,,,,,,,,,,,,,,,"1997-03-05",,"G"
"5784","Cinoglu","Erika","F","1C","1C2","1C2",,,,,,,,,,,,,,,,,,,,"2001-01-23",,"G"
"4662","Clabaut","Célia","F","3","3A","3A",,,,,,,,,,,,,,,,,,,,"1998-11-25",,"TT"
"4599","Cochez","Sema","M","4","4A","4A",,,,,,,,,,,,,,,,,,,,"1998-02-20",,"TT"
"3496","Coene","Kerem","F","6","6B","6B",,,,,,,,,,,,,,,,,,,,"1996-03-14",,"G"
"4167","Cogels","Sara","M","5","5D","5D",,,,,,,,,,,,,,,,,,,,"1996-03-25",,"G"
"4536","Cohen","Caroline","F","4","4D","4D",,,,,,,,,,,,,,,,,,,,"1998-12-28",,"G"
"4765","Colet","David","F","2S","2SD","2SD",,,,,,,,,,,,,,,,,,,,"1999-12-27",,"G"
"5861","Coma Carpinell","Céline","F","1C","1C8","1C8",,,,,,,,,,,,,,,,,,,,"2001-08-30",,"G"
"6113","Cordier","Simon","F","4","4A","4A",,,,,,,,,,,,,,,,,,,,"1998-11-10",,"TT"
"4535","Cornea","Helena","F","4","4F","4F",,,,,,,,,,,,,,,,,,,,"1997-11-04",,"G"
"5590","Cornelis","Amélie","M","2C","2CF","2CF",,,,,,,,,,,,,,,,,,,,"2000-12-19",,"G"
"4614","Couturier","Valentina","F","3","3A","3A",,,,,,,,,,,,,,,,,,,,"1997-07-05",,"TT"
"4977","Cravotta","Tiffanie","F","3","3G","3G",,,,,,,,,,,,,,,,,,,,"1999-09-27",,"G"
"4562","Creemers","Claudia","F","3","3A","3A",,,,,,,,,,,,,,,,,,,,"1999-02-17",,"TT"
"3674","Creemers","Mika","F","5","5A","5A",,,,,,,,,,,,,,,,,,,,"1996-08-20",,"TT"
"5812","Cutaia","Sarah","F","1C","1C6","1C6",,,,,,,,,,,,,,,,,,,,"2001-07-06",,"G"
"4989","Cuyl","Clara","M","2S","2SJ","2SJ",,,,,,,,,,,,,,,,,,,,"1999-05-20",,"G"
"3682","Cuypers","Laura","F","6","6D","6D",,,,,,,,,,,,,,,,,,,,"1996-05-26",,"G"
"5720","Cuza Brahan","Sarah","M","5","5B","5B",,,,,,,,,,,,,,,,,,,,"1997-09-12",,"G"
"3679","Czapska","Alessia","F","5","5A","5A",,,,,,,,,,,,,,,,,,,,"1996-01-10",,"TT"
"4076","Czapska","Boris","F","5","5B","5B",,,,,,,,,,,,,,,,,,,,"1997-06-20",,"G"
"4800","Czapski","Aline","M","3","3D","3D",,,,,,,,,,,,,,,,,,,,"1999-11-19",,"G"
"5742","Dabbari","Hubert","F","1C","1C6","1C6",,,,,,,,,,,,,,,,,,,,"2001-04-09",,"G"
"3891","D'Agro","Monika","F","4","4D","4D",,,,,,,,,,,,,,,,,,,,"1997-03-06",,"G"
"5805","D Agro","Patrycja","F","1C","1C6","1C6",,,,,,,,,,,,,,,,,,,,"2001-03-15",,"G"
"4849","D 'Agro","Pawel","M","3","3B","3B",,,,,,,,,,,,,,,,,,,,"1999-04-22",,"G"
"5701","Dahdah","Amal","F","6","6A","6A",,,,,,,,,,,,,,,,,,,,"1995-10-18",,"TT"
"3961","Dalci","Alba","F","5","5D","5D",,,,,,,,,,,,,,,,,,,,"1997-02-18",,"G"
"4077","D'Aleo","Clara","M","4","4D","4D",,,,,,,,,,,,,,,,,,,,"1997-05-13",,"G"
"4078","Dalgic","Valentin","F","5","5B","5B",,,,,,,,,,,,,,,,,,,,"1997-12-23",,"G"
"5460","Dalgic","Ambre","M","2C","2CA","2CA",,,,,,,,,,,,,,,,,,,,"2000-12-14",,"G"
"5531","Dallahi","Gûlnur","M","1S","1S8","1S8",,,,,,,,,,,,,,,,,,,,"1999-09-06",,"G"
"4988","Danthine","Alessio","M","2S","2SD","2SD",,,,,,,,,,,,,,,,,,,,"1998-11-14",,"G"
"4963","Dantinne","Emel","M","3","3G","3G",,,,,,,,,,,,,,,,,,,,"1999-07-05",,"G"
"5660","Dascaleac","Emre","F","2C","2CE","2CE",,,,,,,,,,,,,,,,,,,,"2000-05-28",,"G"
"4585","De Aguiar","Zakariya","F","4","4B","4B",,,,,,,,,,,,,,,,,,,,"1998-09-04",,"G"
"4850","Debackere","Anthony","F","3","3E","3E",,,,,,,,,,,,,,,,,,,,"1999-06-29",,"G"
"4818","De Beys","Julien","M","3","3H","3H",,,,,,,,,,,,,,,,,,,,"1999-03-05",,"G"
"3892","De Beys","Ioana-Alexandra","F","5","5C","5C",,,,,,,,,,,,,,,,,,,,"1997-01-26",,"G"
"5785","De Beys","Anissa","M","1C","1C2","1C2",,,,,,,,,,,,,,,,,,,,"2001-11-19",,"G"
"5711","De Bleecker","Sabrina","F","3","3H","3H",,,,,,,,,,,,,,,,,,,,"1999-09-16",,"G"
"5793","De Bleecker","Aurian","M","1C","1C1","1C1",,,,,,,,,,,,,,,,,,,,"2001-12-17",,"G"
"5046","De Bolle","Chloé","M","3","3F","3F",,,,,,,,,,,,,,,,,,,,"1999-08-13",,"G"
"5915","De Boom","Hugo","F","1C","1C1","1C1",,,,,,,,,,,,,,,,,,,,"2001-01-12",,"G"
"5034","De Breucker","Celia","F","3","3H","3H",,,,,,,,,,,,,,,,,,,,"1999-03-17",,"G"
"4962","de Broux","Julien","F","3","3B","3B",,,,,,,,,,,,,,,,,,,,"1999-02-20",,"G"
"5539","Debuyst","Sullivan","F","2C","2CB","2CB",,,,,,,,,,,,,,,,,,,,"2000-06-13",,"G"
"4550","De Carvalho","Manon","M","4","4F","4F",,,,,,,,,,,,,,,,,,,,"1998-10-31",,"G"
"4663","Declercq","Margaux","F","4","4E","4E",,,,,,,,,,,,,,,,,,,,"1998-09-24",,"G"
"5817","Decoen","Joanne","M","1C","1C4","1C4",,,,,,,,,,,,,,,,,,,,"2000-01-21",,"G"
"5501","Deconinck","Deborah","M","2C","2CE","2CE",,,,,,,,,,,,,,,,,,,,"2000-01-31",,"G"
"5033","Decrée","David","F","3","3E","3E",,,,,,,,,,,,,,,,,,,,"1999-10-19",,"G"
"4766","Degeer","Océane","F","3","3F","3F",,,,,,,,,,,,,,,,,,,,"1999-10-29",,"G"
"5032","De Greef","Yves","F","3","3E","3E",,,,,,,,,,,,,,,,,,,,"1999-08-18",,"G"
"6107","De Guzman","Ludovic","M","5","5C","5C",,,,,,,,,,,,,,,,,,,,"1997-08-30",,"G"
"4611","De Herdt","Leia","M","4","4D","4D",,,,,,,,,,,,,,,,,,,,"1998-06-18",,"G"
"4603","De Knop","Salomé","M","3","3C","3C",,,,,,,,,,,,,,,,,,,,"1998-11-27",,"G"
"2691","De Knop","Alexia","M","6","6D","6D",,,,,,,,,,,,,,,,,,,,"1994-06-14",,"G"
"3206","Delacourt","Sherwin","F","6","6A","6A",,,,,,,,,,,,,,,,,,,,"1995-04-07",,"TT"
"5589","Del Bravo","Tanguy","F","2C","2CB","2CB",,,,,,,,,,,,,,,,,,,,"1999-06-23",,"G"
"4973","Delcour","Thibault","F","3","3H","3H",,,,,,,,,,,,,,,,,,,,"1999-11-08",,"G"
"4837","Deleersnyder","Thomas","F","3","3B","3B",,,,,,,,,,,,,,,,,,,,"1999-07-17",,"G"
"5439","Deléhouzée","Julie","F","2C","2CC","2CC",,,,,,,,,,,,,,,,,,,,"2000-08-13",,"G"
"4664","Deléhouzée","Tabatha","F","4","4D","4D",,,,,,,,,,,,,,,,,,,,"1998-10-25",,"G"
"5081","Delferrière","Léa","F","5","5A","5A",,,,,,,,,,,,,,,,,,,,"1995-12-18",,"TT"
"4972","Delfosse","Malorie","M","3","3C","3C",,,,,,,,,,,,,,,,,,,,"1999-08-04",,"G"
"3893","de Liso","Chloé","F","5","5D","5D",,,,,,,,,,,,,,,,,,,,"1997-03-15",,"G"
"5751","Delli Compagni","Elise","M","1C","1C1","1C1",,,,,,,,,,,,,,,,,,,,"2000-06-21",,"G"
"3974","Delli  Compagni","Thaïs","M","4","4F","4F",,,,,,,,,,,,,,,,,,,,"1997-08-31",,"G"
"4886","Delsaux","Bastien","M","3","3F","3F",,,,,,,,,,,,,,,,,,,,"1999-04-12",,"G"
"4510","De Luca","Fiona","F","3","3A","3A",,,,,,,,,,,,,,,,,,,,"1998-01-04",,"TT"
"5085","De Luca","Alessandro","M","2C","2CH","2CH",,,,,,,,,,,,,,,,,,,,"1999-10-09",,"G"
"5588","De Luca Pérez","Lorenzo","F","2C","2CA","2CA",,,,,,,,,,,,,,,,,,,,"2000-05-31",,"G"
"3201","De Man","Gaëtan","M","6","6A","6A",,,,,,,,,,,,,,,,,,,,"1995-12-01",,"G"
"4565","De Man","Eva","F","4","4D","4D",,,,,,,,,,,,,,,,,,,,"1998-02-19",,"G"
"4612","Demarche","Michaël","F","4","4A","4A",,,,,,,,,,,,,,,,,,,,"1997-05-16",,"TT"
"5499","De Marche","Maëva","F","2C","2CF","2CF",,,,,,,,,,,,,,,,,,,,"2000-12-01",,"G"
"5498","De Marche","Antoine","F","2C","2CG","2CG",,,,,,,,,,,,,,,,,,,,"2000-12-01",,"G"
"5837","Den Blinden","Camille","F","1C","1C7","1C7",,,,,,,,,,,,,,,,,,,,"2001-12-29",,"G"
"4880","Denis","Celine","F","2S","2SD","2SD",,,,,,,,,,,,,,,,,,,,"1999-09-10",,"G"
"3497","Denoncin","Karen","M","6","6C","6C",,,,,,,,,,,,,,,,,,,,"1996-02-13",,"G"
"4838","Denuit","Kelly","F","2S","2SI","2SI",,,,,,,,,,,,,,,,,,,,"1999-02-03",,"G"
"5546","de Oliveira","Léa","F","2C","2CE","2CE",,,,,,,,,,,,,,,,,,,,"2000-09-17",,"G"
"5570","De Oliveira Rodrigues","Sarah","M","2C","2CC","2CC",,,,,,,,,,,,,,,,,,,,"2000-04-19",,"G"
"4830","De Paepe","Maxime","M","3","3B","3B",,,,,,,,,,,,,,,,,,,,"1999-03-01",,"G"
"4698","De Paepe","Morgane","F","6","6B","6B",,,,,,,,,,,,,,,,,,,,"1996-05-31",,"G"
"4961","Depreter","Anita","M","3","3F","3F",,,,,,,,,,,,,,,,,,,,"1999-10-16",,"G"
"4615","De Saulnier","Miguel","F","4","4E","4E",,,,,,,,,,,,,,,,,,,,"1998-05-28",,"G"
"5778","De Saulnier","Donnovan","M","1C","1C2","1C2",,,,,,,,,,,,,,,,,,,,"2001-08-03",,"G"
"4866","Destes","Madison","F","3","3B","3B",,,,,,,,,,,,,,,,,,,,"1999-10-02",,"G"
"5850","De Strooper","Mathieu","M","1C","1C2","1C2",,,,,,,,,,,,,,,,,,,,"2001-03-19",,"G"
"4742","Devaux","Jessika","F","6","6E","6E",,,,,,,,,,,,,,,,,,,,"1996-03-19",,"TQ"
"3498","Deveen","Kristopher","M","6","6C","6C",,,,,,,,,,,,,,,,,,,,"1996-03-01",,"G"
"5469","Deveen","Aspasia","F","2C","2CC","2CC",,,,,,,,,,,,,,,,,,,,"2000-03-20",,"G"
"6092","De Veylder","Cyril","M","2C","2CC","2CC",,,,,,,,,,,,,,,,,,,,"2000-04-29",,"G"
"3540","Devuyst","Esmeralda","M","6","6B","6B",,,,,,,,,,,,,,,,,,,,"1996-12-16",,"G"
"3979","Devuyst","Gilles","M","5","5D","5D",,,,,,,,,,,,,,,,,,,,"1997-04-17",,"G"
"4179","Dewaele","Roxane","F","5","5C","5C",,,,,,,,,,,,,,,,,,,,"1997-02-05",,"G"
"3854","De Wannemaeker","Bryan","F","6","6B","6B",,,,,,,,,,,,,,,,,,,,"1996-09-12",,"G"
"3930","Dewulf","Julien","F","5","5B","5B",,,,,,,,,,,,,,,,,,,,"1997-02-15",,"G"
"3249","Dhif","Nathan","F","5","5D","5D",,,,,,,,,,,,,,,,,,,,"1995-10-19",,"G"
"6094","Diabate","Mathilde","M","2C","2CF","2CF",,,,,,,,,,,,,,,,,,,,"1999-04-27",,"G"
"4762","Dibongue Swenson","Camille","M","3","3B","3B",,,,,,,,,,,,,,,,,,,,"1999-11-07",,"G"
"5402","Di Egidio","Shana","M","2C","2CE","2CE",,,,,,,,,,,,,,,,,,,,"2000-03-10",,"G"
"4523","Di Egidio","Yasmine","M","4","4C","4C",,,,,,,,,,,,,,,,,,,,"1998-02-13",,"G"
"3895","Dieudonné","Abdoul Kader","F","4","4C","4C",,,,,,,,,,,,,,,,,,,,"1997-08-26",,"G"
"4817","Di Legami","Alan","M","3","3D","3D",,,,,,,,,,,,,,,,,,,,"1999-07-01",,"G"
"5403","Dilly","Alessandro","F","2C","2CE","2CE",,,,,,,,,,,,,,,,,,,,"2000-07-25",,"G"
"5611","Di Salvo","Umberto","F","2C","2CH","2CH",,,,,,,,,,,,,,,,,,,,"2000-08-14",,"G"
"5412","Djendara","Manon","F","2C","2CG","2CG",,,,,,,,,,,,,,,,,,,,"2000-02-04",,"G"
"4861","Doborouviez-Berger","Salvatore","F","3","3C","3C",,,,,,,,,,,,,,,,,,,,"1999-08-18",,"G"
"5532","Doçi","Ines","M","2C","2CF","2CF",,,,,,,,,,,,,,,,,,,,"2000-09-03",,"G"
"5766","Dodoh Temsamani","Erica","F","1C","1C6","1C6",,,,,,,,,,,,,,,,,,,,"2001-12-28",,"G"
"4183","Dogan","Laetytia","F","4","4E","4E",,,,,,,,,,,,,,,,,,,,"1997-02-05",,"G"
"5974","Dohairi","Marie","M","1C","1C7","1C7",,,,,,,,,,,,,,,,,,,,"2000-01-16",,"G"
"5813","Doko","Ergys","M","1C","1C7","1C7",,,,,,,,,,,,,,,,,,,,"2001-04-06",,"G"
"4665","Dolu","Ines","M","3","3G","3G",,,,,,,,,,,,,,,,,,,,"1998-07-10",,"G"
"5824","Dominé","Alev Asena","F","1C","1C8","1C8",,,,,,,,,,,,,,,,,,,,"2000-08-02",,"G"
"4875","Donnen","Aioub","F","2S","2SJ","2SJ",,,,,,,,,,,,,,,,,,,,"1999-03-05",,"G"
"5687","Donye","Rayan","M","2C","2CK","2CK",,,,,,,,,,,,,,,,,,,,"2000-05-15",,"G"
"5818","Douffet","Okan","F","1C","1C1","1C1",,,,,,,,,,,,,,,,,,,,"2001-04-21",,"G"
"5002","Doye","Marine","F","2S","2SJ","2SJ",,,,,,,,,,,,,,,,,,,,"1998-09-29",,"G"
"5747","Drewnowska","Magali","F","1C","1C5","1C5",,,,,,,,,,,,,,,,,,,,"2000-05-17",,"G"
"5896","Driouch","Loïc","M","1C","1C7","1C7",,,,,,,,,,,,,,,,,,,,"2001-07-14",,"G"
"3484","Dritsos","Méline","F","5","5E","5E",,,,,,,,,,,,,,,,,,,,"1996-12-30",,"TQ"
"4184","Dubois","Megan","M","4","4C","4C",,,,,,,,,,,,,,,,,,,,"1997-08-10",,"G"
"5476","Dubois","Paulina","F","2C","2CG","2CG",,,,,,,,,,,,,,,,,,,,"2000-02-28",,"G"
"3980","Dubrule","Imade","F","5","5D","5D",,,,,,,,,,,,,,,,,,,,"1997-07-19",,"G"
"3615","Duchâteau","Christina","M","6","6C","6C",,,,,,,,,,,,,,,,,,,,"1996-04-19",,"G"
"3594","Duchêne","Hugo","F","6","6E","6E",,,,,,,,,,,,,,,,,,,,"1996-04-10",,"TQ"
"4868","Dufour","Maïa","F","2S","2SI","2SI",,,,,,,,,,,,,,,,,,,,"1999-11-25",,"G"
"3705","Dugauquier","Audrey","F","6","6D","6D",,,,,,,,,,,,,,,,,,,,"1996-12-12",,"G"
"4835","Dugauquier","Matheo","M","3","3C","3C",,,,,,,,,,,,,,,,,,,,"1999-01-31",,"G"
"4960","Duguez","Anaïs","F","2S","2SI","2SI",,,,,,,,,,,,,,,,,,,,"1999-10-24",,"G"
"5984","Dusti","Alizee","F","1D","1DD","1DD",,,,,,,,,,,,,,,,,,,,"2001-05-05",,"G"
"4668","Eddaoudi","Kelly","F","4","4E","4E",,,,,,,,,,,,,,,,,,,,"1998-04-19",,"G"
"5732","El -Aakkioui","Michaël","M","1C","1C5","1C5",,,,,,,,,,,,,,,,,,,,"2001-12-24",,"G"
"3274","El  Achkar","Romane","F","6","6B","6B",,,,,,,,,,,,,,,,,,,,"1995-10-30",,"G"
"5773","El Achkar","Zairac","F","1C","1C2","1C2",,,,,,,,,,,,,,,,,,,,"2001-05-17",,"G"
"3638","El Azzouti","Wiam","M","6","6C","6C",,,,,,,,,,,,,,,,,,,,"1996-03-06",,"G"
"4846","El Azzouti","Akram","M","2S","2SI","2SI",,,,,,,,,,,,,,,,,,,,"1999-06-22",,"G"
"6060","El Bakkouri","Nisrine","F","4","4D","4D",,,,,,,,,,,,,,,,,,,,"1998-08-04",,"G"
"6071","El  Bakkouri","Youssra","M","2C","2CC","2CC",,,,,,,,,,,,,,,,,,,,"2001-02-04",,"G"
"4533","El Bakkoury","Ilias","M","4","4B","4B",,,,,,,,,,,,,,,,,,,,"1998-08-13",,"G"
"5511","El Baz","Soufiane","F","2C","2CA","2CA",,,,,,,,,,,,,,,,,,,,"2000-02-03",,"G"
"6075","El Hachmioui","Mariame","M","2D","2DD","2DD",,,,,,,,,,,,,,,,,,,,"2000-07-16",,"G"
"5599","El Haddadi","Oussama","F","2C","2CG","2CG",,,,,,,,,,,,,,,,,,,,"2000-12-18",,"G"
"5725","El Hadouchi","Yassine","F","1C","1C8","1C8",,,,,,,,,,,,,,,,,,,,"2001-06-03",,"G"
"5731","El Hammouchi","Maïssae","M","1C","1C3","1C3",,,,,,,,,,,,,,,,,,,,"2001-11-19",,"G"
"4941","El Hammouchi","Mehdi","F","3","3G","3G",,,,,,,,,,,,,,,,,,,,"1999-10-27",,"G"
"5413","El Hamzaoui","Farah","F","2C","2CK","2CK",,,,,,,,,,,,,,,,,,,,"2000-05-02",,"G"
"5832","Elibol","Kaoutar","F","1C","1C3","1C3",,,,,,,,,,,,,,,,,,,,"2001-03-21",,"G"
"3516","El Idrissi","Oussama","F","6","6A","6A",,,,,,,,,,,,,,,,,,,,"1996-12-16",,"TT"
"6048","El Karouaoui","Yasmine","M","1C","1C7","1C7",,,,,,,,,,,,,,,,,,,,"2001-05-13",,"G"
"4632","El Kenze","Emma","F","3","3G","3G",,,,,,,,,,,,,,,,,,,,"1998-12-06",,"G"
"5518","El-Khabbach","Nour","F","2C","2CB","2CB",,,,,,,,,,,,,,,,,,,,"2000-01-05",,"G"
"3982","El Khattabi","Nisrine","M","4","4F","4F",,,,,,,,,,,,,,,,,,,,"1997-05-20",,"G"
"4606","El Khattabi","Walid","M","4","4B","4B",,,,,,,,,,,,,,,,,,,,"1998-11-21",,"G"
"5524","El Khoumri","Manale","M","2C","2CA","2CA",,,,,,,,,,,,,,,,,,,,"2000-09-13",,"G"
"4601","El Mahjoubi","Chaïmae","M","3","3B","3B",,,,,,,,,,,,,,,,,,,,"1998-07-22",,"G"
"6072","El Manssouri","Fouad","M","1D","1DD","1DD",,,,,,,,,,,,,,,,,,,,"2000-07-05",,"G"
"6083","El Massaoudi","Ilyas","M","3","3F","3F",,,,,,,,,,,,,,,,,,,,"1999-06-13",,"G"
"5620","El Mezrichi","Hamza","F","2C","2CA","2CA",,,,,,,,,,,,,,,,,,,,"2000-03-14",,"G"
"5723","El Morabet","Adil","F","1C","1C5","1C5",,,,,,,,,,,,,,,,,,,,"2001-03-16",,"G"
"5568","El Moussaoui","Soufiane","M","2C","2CK","2CK",,,,,,,,,,,,,,,,,,,,"2000-06-05",,"G"
"5494","El Moussaoui","Soufiane","F","2C","2CF","2CF",,,,,,,,,,,,,,,,,,,,"2000-08-26",,"G"
"4802","El Moutaki","Malak","M","2S","2SI","2SI",,,,,,,,,,,,,,,,,,,,"1999-10-03",,"G"
"5656","El Mzouri","Mariam","M","2C","2CA","2CA",,,,,,,,,,,,,,,,,,,,"2000-09-30",,"G"
"5799","El Ouahabi","Ismael","F","1C","1C8","1C8",,,,,,,,,,,,,,,,,,,,"2001-12-10",,"G"
"4949","El Ouahabi","Teslime","F","2S","2SJ","2SJ",,,,,,,,,,,,,,,,,,,,"1999-11-30",,"G"
"5502","El Yattouti","Sabri","F","2C","2CK","2CK",,,,,,,,,,,,,,,,,,,,"2000-11-28",,"G"
"4210","El Yazidi Mokadem","Salim","F","4","4D","4D",,,,,,,,,,,,,,,,,,,,"1996-10-06",,"G"
"4568","Encinas Cabanillas","Naïla","F","4","4C","4C",,,,,,,,,,,,,,,,,,,,"1998-08-24",,"G"
"4558","Englebert","Tasnime","F","4","4E","4E",,,,,,,,,,,,,,,,,,,,"1998-02-07",,"G"
"6080","Ernotte","Hajar","F","3","3F","3F",,,,,,,,,,,,,,,,,,,,"1999-04-22",,"G"
"3517","Essabiri","Nadra","M","6","6B","6B",,,,,,,,,,,,,,,,,,,,"1996-12-26",,"G"
"4589","Essabiri","Sarah","F","4","4F","4F",,,,,,,,,,,,,,,,,,,,"1998-02-04",,"G"
"5567","Fabbricatore","Natacha","M","2C","2CF","2CF",,,,,,,,,,,,,,,,,,,,"2000-07-06",,"G"
"3689","Faouz","Elisa","M","4","4C","4C",,,,,,,,,,,,,,,,,,,,"1996-04-26",,"G"
"5472","Faouz","Ayoub","F","2C","2CE","2CE",,,,,,,,,,,,,,,,,,,,"2000-04-07",,"G"
"3556","Fara","Soukaina","F","6","6A","6A",,,,,,,,,,,,,,,,,,,,"1996-12-04",,"TT"
"5770","Fara","Mehdi","M","1C","1C2","1C2",,,,,,,,,,,,,,,,,,,,"2001-10-31",,"G"
"3557","Faucon","Ali","M","6","6C","6C",,,,,,,,,,,,,,,,,,,,"1996-08-28",,"G"
"5458","Faucon","Rita","M","2C","2CC","2CC",,,,,,,,,,,,,,,,,,,,"2000-12-08",,"G"
"3245","Faucon","Lisa","M","6","6A","6A",,,,,,,,,,,,,,,,,,,,"1995-05-16",,"G"
"4832","Faucon","Yann","M","3","3F","3F",,,,,,,,,,,,,,,,,,,,"1999-06-15",,"G"
"4905","Fellah","Christophe","M","2S","2SD","2SD",,,,,,,,,,,,,,,,,,,,"1999-06-16",,"G"
"3986","Fernandez  Goas","Jean-Pierre","M","4","4C","4C",,,,,,,,,,,,,,,,,,,,"1997-11-07",,"G"
"3898","Ficicchia","Jonathan","M","4","4A","4A",,,,,,,,,,,,,,,,,,,,"1997-01-22",,"TT"
"4549","Figueira De Carvalho","Maximilien","F","4","4C","4C",,,,,,,,,,,,,,,,,,,,"1998-12-23",,"G"
"6008","Figueira De Carvalho","Dalil","F","1C","1C5","1C5",,,,,,,,,,,,,,,,,,,,"2001-05-26",,"G"
"5927","Filipovics","David","M","1C","1C5","1C5",,,,,,,,,,,,,,,,,,,,"2001-01-09",,"G"
"5422","Fisson","Calogero","F","2C","2CK","2CK",,,,,,,,,,,,,,,,,,,,"1999-08-26",,"G"
"4859","Flandroy","Ana","M","3","3D","3D",,,,,,,,,,,,,,,,,,,,"1999-03-18",,"G"
"5055","Florin","Ana Claudia","M","6","6E","6E",,,,,,,,,,,,,,,,,,,,"1994-07-09",,"TQ"
"6097","Fontaine","Fabian","F","5","5B","5B",,,,,,,,,,,,,,,,,,,,"1996-04-04",,"G"
"5486","Furmaniak","Jessica","M","2C","2CK","2CK",,,,,,,,,,,,,,,,,,,,"2000-02-08",,"G"
"3690","Gabrielli","Fabrice","M","5","5C","5C",,,,,,,,,,,,,,,,,,,,"1996-02-26",,"G"
"4609","Gabrielli","Arthur","M","3","3C","3C",,,,,,,,,,,,,,,,,,,,"1998-03-08",,"G"
"5473","Gambino","Maud","M","1S","1S4","1S4",,,,,,,,,,,,,,,,,,,,"2000-11-14",,"G"
"4930","Garcia Santamaria","Mathias","F","3","3B","3B",,,,,,,,,,,,,,,,,,,,"1999-06-16",,"G"
"4519","Garcia Y Alvarez","Loïc","F","4","4B","4B",,,,,,,,,,,,,,,,,,,,"1998-04-03",,"G"
"5826","Gariga Enembom","Luca","F","1C","1C8","1C8",,,,,,,,,,,,,,,,,,,,"2001-10-23",,"G"
"3644","Gartili","Lorenzo","F","6","6D","6D",,,,,,,,,,,,,,,,,,,,"1996-09-14",,"G"
"3063","Gaubout","Laura","F","6","6E","6E",,,,,,,,,,,,,,,,,,,,"1994-07-26",,"TQ"
"6101","Gaza","Eva","M","4","4F","4F",,,,,,,,,,,,,,,,,,,,"1996-12-06",,"G"
"4904","Gazze","Manuela","M","2S","2SI","2SI",,,,,,,,,,,,,,,,,,,,"1999-10-05",,"G"
"5440","Gazze","Sara","F","2C","2CH","2CH",,,,,,,,,,,,,,,,,,,,"1999-10-05",,"G"
"6089","Gcazanis","Valentine","F","5","5E","5E",,,,,,,,,,,,,,,,,,,,"1995-12-28",,"TQ"
"4199","Gentile","Lopodi Patrick","M","5","5C","5C",,,,,,,,,,,,,,,,,,,,"1997-07-17",,"G"
"6102","Gerard","Anthony","M","5","5D","5D",,,,,,,,,,,,,,,,,,,,"1996-04-24",,"G"
"4669","Gerard","Marine","M","3","3B","3B",,,,,,,,,,,,,,,,,,,,"1998-09-16",,"G"
"5505","Ghammat","Alexandra","M","2C","2CC","2CC",,,,,,,,,,,,,,,,,,,,"2000-10-06",,"G"
"5855","Ghazouani","Romain","F","1C","1C2","1C2",,,,,,,,,,,,,,,,,,,,"2001-04-07",,"G"
"5038","Giambarresi","Arnaud","M","2S","2SJ","2SJ",,,,,,,,,,,,,,,,,,,,"1999-05-26",,"G"
"3068","Gillade","Nicolas","F","6","6E","6E",,,,,,,,,,,,,,,,,,,,"1995-08-29",,"TQ"
"3987","Giorgio","Hachim","F","5","5E","5E",,,,,,,,,,,,,,,,,,,,"1996-12-05",,"TQ"
"5808","Giorgio","Iman","F","1C","1C4","1C4",,,,,,,,,,,,,,,,,,,,"2001-11-04",,"G"
"4856","Gjanaj","Alessio","M","3","3C","3C",,,,,,,,,,,,,,,,,,,,"1999-04-25",,"G"
"3988","Godfroid","Kenny","M","5","5B","5B",,,,,,,,,,,,,,,,,,,,"1997-01-08",,"G"
"6076","Godts","Antonella","F","3","3E","3E",,,,,,,,,,,,,,,,,,,,"1999-09-17",,"G"
"5426","Goemaes","Chiara","F","2C","2CK","2CK",,,,,,,,,,,,,,,,,,,,"2000-12-13",,"G"
"3942","Goldberg","Anthony","F","5","5C","5C",,,,,,,,,,,,,,,,,,,,"1997-12-11",,"G"
"5789","Goldberg","Sébastien","F","1C","1C2","1C2",,,,,,,,,,,,,,,,,,,,"2001-01-19",,"G"
"4819","Gomez Pereira","Madison","M","3","3B","3B",,,,,,,,,,,,,,,,,,,,"1999-08-25",,"G"
"5791","Gondos","Magali","M","1C","1C8","1C8",,,,,,,,,,,,,,,,,,,,"2001-02-23",,"G"
"5001","Gondos","Elodie","F","3","3A","3A",,,,,,,,,,,,,,,,,,,,"1999-07-04",,"TT"
"4646","Gonzalez Alvarez","Oriane","M","4","4C","4C",,,,,,,,,,,,,,,,,,,,"1998-02-12",,"G"
"5894","Gonzalez-Rodriguez","Miguel","F","1C","1C3","1C3",,,,,,,,,,,,,,,,,,,,"2001-02-14",,"G"
"5509","Gonzalez Vergara","Bogdan-Claudiu","M","2C","2CK","2CK",,,,,,,,,,,,,,,,,,,,"2000-10-13",,"G"
"3946","Goossens","Ioana-Madalina","F","5","5B","5B",,,,,,,,,,,,,,,,,,,,"1997-07-09",,"G"
"4892","Gosiewska","Daniel","F","3","3B","3B",,,,,,,,,,,,,,,,,,,,"1998-05-23",,"G"
"5757","Gözüküçük","Berty","F","1C","1C4","1C4",,,,,,,,,,,,,,,,,,,,"2001-12-21",,"G"
"5787","Grenier","Anthony","F","1C","1C8","1C8",,,,,,,,,,,,,,,,,,,,"2001-04-11",,"G"
"4959","Grenier","Elodie","F","3","3E","3E",,,,,,,,,,,,,,,,,,,,"1998-05-27",,"G"
"4541","Grigore","Karolina","M","4","4C","4C",,,,,,,,,,,,,,,,,,,,"1997-12-13",,"G"
"5631","Guaraou","Kiraz","F","2C","2CG","2CG",,,,,,,,,,,,,,,,,,,,"2000-05-19",,"G"
"3208","Gucha","Julie","F","6","6D","6D",,,,,,,,,,,,,,,,,,,,"1995-11-26",,"G"
"4844","Guenfoudi","Nikita","M","2S","2SJ","2SJ",,,,,,,,,,,,,,,,,,,,"1998-01-26",,"G"
"3900","Guenfoudi","Dragos Constantin","F","4","4A","4A",,,,,,,,,,,,,,,,,,,,"1996-11-23",,"TT"
"4648","Guerbaoui","Alae","M","3","3B","3B",,,,,,,,,,,,,,,,,,,,"1997-11-03",,"G"
"5474","Guerbaoui","Sara","F","2C","2CE","2CE",,,,,,,,,,,,,,,,,,,,"1999-09-08",,"G"
"5769","Guillet","Sami","F","1C","1C3","1C3",,,,,,,,,,,,,,,,,,,,"2000-07-31",,"G"
"5482","Guillet","Samia","F","2C","2CH","2CH",,,,,,,,,,,,,,,,,,,,"2000-07-31",,"G"
"4863","Guinand","Adil","M","3","3F","3F",,,,,,,,,,,,,,,,,,,,"1999-12-07",,"G"
"5782","Guinand","Besma","F","1C","1C1","1C1",,,,,,,,,,,,,,,,,,,,"2001-02-28",,"G"
"5496","Guldentops","Coline","F","2C","2CK","2CK",,,,,,,,,,,,,,,,,,,,"1999-06-21",,"G"
"4671","Habimana","Noanne","M","4","4A","4A",,,,,,,,,,,,,,,,,,,,"1998-04-21",,"TT"
"3901","Hacaoglu","Damien","F","5","5E","5E",,,,,,,,,,,,,,,,,,,,"1996-11-02",,"TQ"
"5497","Haddouchi","Laurine","M","2C","2CH","2CH",,,,,,,,,,,,,,,,,,,,"2000-04-29",,"G"
"5566","Hadrani","Shanon","M","2C","2CG","2CG",,,,,,,,,,,,,,,,,,,,"2000-07-26",,"G"
"5525","Haik","Auguste","F","2C","2CA","2CA",,,,,,,,,,,,,,,,,,,,"2000-11-04",,"G"
"5702","Haik","Cloé","M","4","4B","4B",,,,,,,,,,,,,,,,,,,,"1998-08-21",,"G"
"4763","Haj Mhand","Anas","M","2S","2SJ","2SJ",,,,,,,,,,,,,,,,,,,,"1999-11-13",,"G"
"3902","Halin","Mehdi","F","5","5D","5D",,,,,,,,,,,,,,,,,,,,"1997-02-25",,"G"
"5775","Hamad","Lamya","M","1C","1C3","1C3",,,,,,,,,,,,,,,,,,,,"2000-11-10",,"G"
"4888","Hamelinck","Mehdi","F","3","3F","3F",,,,,,,,,,,,,,,,,,,,"1998-03-30",,"G"
"5430","Hamelinck","Achraf","M","2C","2CE","2CE",,,,,,,,,,,,,,,,,,,,"2000-09-25",,"G"
"5429","Hamelinck","Claire","M","2C","2CH","2CH",,,,,,,,,,,,,,,,,,,,"2000-09-25",,"G"
"4787","Hammou N'Aicha","Rayan","F","3","3F","3F",,,,,,,,,,,,,,,,,,,,"1999-11-05",,"G"
"5735","Hamssi","Emy","F","1C","1C5","1C5",,,,,,,,,,,,,,,,,,,,"2000-04-14",,"G"
"5043","Hamzaoui","Logan","M","2S","2SJ","2SJ",,,,,,,,,,,,,,,,,,,,"1999-07-19",,"G"
"4958","Hannoteau","Melvin","M","3","3D","3D",,,,,,,,,,,,,,,,,,,,"1999-09-13",,"G"
"5779","Hardat","Hajar","F","1C","1C3","1C3",,,,,,,,,,,,,,,,,,,,"2001-04-13",,"G"
"3194","Hardat","Samia","F","6","6E","6E",,,,,,,,,,,,,,,,,,,,"1995-09-19",,"TQ"
"3990","Hardat","Yousri","M","5","5B","5B",,,,,,,,,,,,,,,,,,,,"1997-05-22",,"G"
"4935","Harrouchy","Mehdi","M","2S","2SJ","2SJ",,,,,,,,,,,,,,,,,,,,"1999-04-23",,"G"
"4795","Hartiel","Manon","F","3","3E","3E",,,,,,,,,,,,,,,,,,,,"1999-03-08",,"G"
"5427","Hartiel","Marine","M","2C","2CH","2CH",,,,,,,,,,,,,,,,,,,,"2000-09-19",,"G"
"3605","Has","Romain","M","5","5B","5B",,,,,,,,,,,,,,,,,,,,"1996-03-18",,"G"
"2966","Has","Mourad","F","6","6A","6A",,,,,,,,,,,,,,,,,,,,"1993-11-01",,"TT"
"5522","Hazard","Marie","M","2C","2CE","2CE",,,,,,,,,,,,,,,,,,,,"2000-11-06",,"G"
"4341","Hebbal","Tanguy","F","5","5C","5C",,,,,,,,,,,,,,,,,,,,"1997-10-05",,"G"
"6073","Hellemans","Dahan","F","3","3A","3A",,,,,,,,,,,,,,,,,,,,"1997-10-05",,"TT"
"3903","Henken","Melisa","F","5","5B","5B",,,,,,,,,,,,,,,,,,,,"1997-01-27",,"G"
"3501","Henrot","Corentin","F","6","6C","6C",,,,,,,,,,,,,,,,,,,,"1996-02-23",,"G"
"3618","Herman","Sabrine","F","6","6D","6D",,,,,,,,,,,,,,,,,,,,"1996-11-29",,"G"
"4872","Himarios","Sarah","F","3","3G","3G",,,,,,,,,,,,,,,,,,,,"1999-05-04",,"G"
"6078","Hosseini","Justine","F","3","3H","3H",,,,,,,,,,,,,,,,,,,,"1999-03-21",,"G"
"5860","Hostyn","Charlotte","M","1C","1C6","1C6",,,,,,,,,,,,,,,,,,,,"2000-05-12",,"G"
"6012","Houdaibi","Debbie","F","1C","1C7","1C7",,,,,,,,,,,,,,,,,,,,"2001-12-21",,"G"
"4672","Houssoy","Stéphanie","F","4","4E","4E",,,,,,,,,,,,,,,,,,,,"1998-08-25",,"G"
"5777","Houssoy","Seyedeh Sara","F","1C","1C4","1C4",,,,,,,,,,,,,,,,,,,,"2001-05-22",,"G"
"5851","Houzin","Killian","F","1C","1C1","1C1",,,,,,,,,,,,,,,,,,,,"2001-02-07",,"G"
"3580","Hugo","Soundousse","M","6","6C","6C",,,,,,,,,,,,,,,,,,,,"1996-03-30",,"G"
"5806","Hugo","Emmanuelle","M","1C","1C2","1C2",,,,,,,,,,,,,,,,,,,,"2002-04-05",,"G"
"6065","Hullaert","Laure","F","3","3F","3F",,,,,,,,,,,,,,,,,,,,"1999-04-22",,"G"
"6099","Hulsens","Venunye Cornélia","F","5","5C","5C",,,,,,,,,,,,,,,,,,,,"1997-03-12",,"G"
"5893","Hurtado Aadnani","Benjamin","M","1C","1C5","1C5",,,,,,,,,,,,,,,,,,,,"2001-05-02",,"G"
"5774","Ibardane","Corentin","F","1C","1C5","1C5",,,,,,,,,,,,,,,,,,,,"2001-05-04",,"G"
"3624","Ibardane","Camille","F","6","6A","6A",,,,,,,,,,,,,,,,,,,,"1996-10-31",,"G"
"5462","Idrissi Chiour","Alexandra","M","2C","2CK","2CK",,,,,,,,,,,,,,,,,,,,"2000-03-26",,"G"
"4673","Idrissi Chiour","Karim","M","3","3B","3B",,,,,,,,,,,,,,,,,,,,"1998-05-05",,"G"
"5537","Idzkowski","Bouchra","M","2C","2CF","2CF",,,,,,,,,,,,,,,,,,,,"2000-11-20",,"G"
"5762","Igaddouren","Mounia","F","1C","1C7","1C7",,,,,,,,,,,,,,,,,,,,"2001-09-19",,"G"
"5399","Igaddouren","Ayoub","F","2C","2CB","2CB",,,,,,,,,,,,,,,,,,,,"2000-07-13",,"G"
"4520","Igaddouren","Sabri","F","4","4E","4E",,,,,,,,,,,,,,,,,,,,"1998-03-14",,"G"
"4761","Igaddouren","Michal","M","2S","2SI","2SI",,,,,,,,,,,,,,,,,,,,"1999-03-04",,"G"
"5797","Impens","Farah","M","1C","1C3","1C3",,,,,,,,,,,,,,,,,,,,"2001-04-09",,"G"
"3954","Impens","Hind","F","4","4D","4D",,,,,,,,,,,,,,,,,,,,"1997-02-20",,"G"
"4674","Isakhanian","Ines","M","3","3G","3G",,,,,,,,,,,,,,,,,,,,"1997-03-16",,"G"
"5704","Ishema Muberuka","Nouaman","F","6","6A","6A",,,,,,,,,,,,,,,,,,,,"1995-07-20",,"TT"
"6117","Ismail","Damien","M","1C","1C4","1C4",,,,,,,,,,,,,,,,,,,,"2000-06-10",,"G"
"5834","Itunime Molanda","Manon","M","1C","1C4","1C4",,,,,,,,,,,,,,,,,,,,"2000-08-28",,"G"
"4897","Jabczyk","Alexandre","F","3","3G","3G",,,,,,,,,,,,,,,,,,,,"1999-03-10",,"G"
"5911","Jacquy","Nathalie","F","1C","1C1","1C1",,,,,,,,,,,,,,,,,,,,"2001-11-26",,"G"
"5967","Jadid","Sefket Junior","M","1C","1C5","1C5",,,,,,,,,,,,,,,,,,,,"2001-08-11",,"G"
"4806","Jadot","Aurélien","F","2S","2SI","2SI",,,,,,,,,,,,,,,,,,,,"1999-12-17",,"G"
"5392","Janssens","Kamila","F","2D","2DD","2DD",,,,,,,,,,,,,,,,,,,,"1999-08-27",,"G"
"4855","Jehin","Lea","M","3","3H","3H",,,,,,,,,,,,,,,,,,,,"1999-08-26",,"G"
"3906","Jehin","Yassir","F","5","5C","5C",,,,,,,,,,,,,,,,,,,,"1997-03-04",,"G"
"5892","Jellouli","Manon","F","1C","1C7","1C7",,,,,,,,,,,,,,,,,,,,"2000-06-06",,"G"
"5743","Jerroudi","Cheyenne","F","1C","1C5","1C5",,,,,,,,,,,,,,,,,,,,"2001-11-05",,"G"
"4521","Jerroudi","Florian","M","4","4C","4C",,,,,,,,,,,,,,,,,,,,"1998-06-01",,"G"
"5401","Jerroudi","Sophie","M","2C","2CH","2CH",,,,,,,,,,,,,,,,,,,,"2000-07-15",,"G"
"5586","Jonckheere","Samia","M","2C","2CC","2CC",,,,,,,,,,,,,,,,,,,,"2000-12-11",,"G"
"3567","Jonckheere","Amal","M","6","6D","6D",,,,,,,,,,,,,,,,,,,,"1996-02-07",,"G"
"3999","Kadi","Ayoub","F","5","5D","5D",,,,,,,,,,,,,,,,,,,,"1997-01-28",,"G"
"4676","Kalenga","Youssef","F","4","4A","4A",,,,,,,,,,,,,,,,,,,,"1997-11-11",,"TT"
"4675","Kalenga Kalambayi","Quentin","M","3","3F","3F",,,,,,,,,,,,,,,,,,,,"1998-12-26",,"G"
"5037","Kalinowska","Victor","F","3","3B","3B",,,,,,,,,,,,,,,,,,,,"1999-08-19",,"G"
"5425","Kaminski","Amal","M","2C","2CB","2CB",,,,,,,,,,,,,,,,,,,,"2000-04-04",,"G"
"5694","Kara","Kankolongu Anne-Laure","F","6","6E","6E",,,,,,,,,,,,,,,,,,,,"1994-03-02",,"TQ"
"5653","Karaca","Patrick","F","2C","2CH","2CH",,,,,,,,,,,,,,,,,,,,"2000-06-17",,"G"
"5580","Kayila Kiongo Batu","Milena","M","2C","2CB","2CB",,,,,,,,,,,,,,,,,,,,"2000-06-09",,"G"
"5823","Kechagias","Bartosz","F","1C","1C6","1C6",,,,,,,,,,,,,,,,,,,,"2001-06-15",,"G"
"5891","Kehayas","Busra","M","1C","1C7","1C7",,,,,,,,,,,,,,,,,,,,"2001-03-22",,"G"
"3186","Kerckhoven","Sonia","F","6","6D","6D",,,,,,,,,,,,,,,,,,,,"1995-09-22",,"G"
"6111","Khammal","Valentin","F","4","4A","4A",,,,,,,,,,,,,,,,,,,,"1997-10-08",,"TT"
"5520","Khazani","Anastacia","M","2C","2CG","2CG",,,,,,,,,,,,,,,,,,,,"2000-12-10",,"G"
"3708","Kilenga Lobandji","Vassilios","F","6","6D","6D",,,,,,,,,,,,,,,,,,,,"1996-06-03",,"G"
"5772","Kinyoma","Coralie","F","1C","1C2","1C2",,,,,,,,,,,,,,,,,,,,"2001-09-19",,"G"
"4677","Kinyoma","Iman","F","4","4E","4E",,,,,,,,,,,,,,,,,,,,"1998-11-13",,"G"
"5890","Koc","Anass","F","1C","1C4","1C4",,,,,,,,,,,,,,,,,,,,"2001-11-27",,"G"
"5619","Kounchou","Dina","M","2C","2CB","2CB",,,,,,,,,,,,,,,,,,,,"1999-01-04",,"G"
"4772","Kouyaté","Bira Sandra","M","3","3F","3F",,,,,,,,,,,,,,,,,,,,"1999-10-26",,"G"
"6123","Kouyate","Soki Sarah","M","5","5C","5C",,,,,,,,,,,,,,,,,,,,"1995-04-12",,"G"
"4527","Kouyaté","Kamila","F","4","4B","4B",,,,,,,,,,,,,,,,,,,,"1998-03-09",,"G"
"5836","Kowalczyk","David","F","1C","1C6","1C6",,,,,,,,,,,,,,,,,,,,"2001-12-15",,"G"
"5859","Krack","Damanyn","M","1C","1C8","1C8",,,,,,,,,,,,,,,,,,,,"2001-04-06",,"G"
"4678","Krasowska","Ibrahima Sory Kandia","F","3","3G","3G",,,,,,,,,,,,,,,,,,,,"1998-05-10",,"G"
"3508","Kreusch","Kandje","F","6","6A","6A",,,,,,,,,,,,,,,,,,,,"1996-04-21",,"TT"
"5039","Kukarolo","Magdalena","F","3","3H","3H",,,,,,,,,,,,,,,,,,,,"1999-01-23",,"G"
"5692","Kunkera","Elias","M","2C","2CC","2CC",,,,,,,,,,,,,,,,,,,,"2000-08-08",,"G"
"5407","Lachgar","Julia","F","2C","2CC","2CC",,,,,,,,,,,,,,,,,,,,"2000-12-28",,"G"
"5759","Lacroix","Melanie","M","1C","1C5","1C5",,,,,,,,,,,,,,,,,,,,"2001-05-10",,"G"
"5040","Lacroix","Andréa","F","3","3D","3D",,,,,,,,,,,,,,,,,,,,"1999-01-07",,"G"
"3656","Ladhari","Kana","F","6","6D","6D",,,,,,,,,,,,,,,,,,,,"1996-07-12",,"G"
"4777","Laghzioui","Safa","F","3","3D","3D",,,,,,,,,,,,,,,,,,,,"1999-02-12",,"G"
"4895","Laguerre","Bastien","M","3","3G","3G",,,,,,,,,,,,,,,,,,,,"1999-10-14",,"G"
"4879","Lakhyali","Coralie","M","3","3H","3H",,,,,,,,,,,,,,,,,,,,"1999-08-04",,"G"
"5755","Lamboley","Inès","M","1C","1C6","1C6",,,,,,,,,,,,,,,,,,,,"2001-04-20",,"G"
"5741","Lambrechts","Doha","M","1C","1C1","1C1",,,,,,,,,,,,,,,,,,,,"2001-10-18",,"G"
"5722","Lamrini","Kern Tremond","M","1C","1C2","1C2",,,,,,,,,,,,,,,,,,,,"2001-05-29",,"G"
"4824","Landresse","Ramzi","M","3","3H","3H",,,,,,,,,,,,,,,,,,,,"1999-04-16",,"G"
"4214","Landresse","Arthur","F","5","5C","5C",,,,,,,,,,,,,,,,,,,,"1997-01-12",,"G"
"3611","Laukens","Xavier","F","6","6E","6E",,,,,,,,,,,,,,,,,,,,"1996-02-14",,"TQ"
"6104","Laviolette","Houdaïfa","F","5","5E","5E",,,,,,,,,,,,,,,,,,,,"1994-11-18",,"TQ"
"4865","Lebrun","Alexandre","F","2S","2SJ","2SJ",,,,,,,,,,,,,,,,,,,,"2000-01-28",,"G"
"4021","Lecleire","Valentine","F","5","5D","5D",,,,,,,,,,,,,,,,,,,,"1997-04-22",,"G"
"5849","Leffler","Charline","M","1C","1C1","1C1",,,,,,,,,,,,,,,,,,,,"2001-08-03",,"G"
"5545","Legouirah","Sarah","M","2C","2CE","2CE",,,,,,,,,,,,,,,,,,,,"2000-09-06",,"G"
"4354","Lempereur","Marine","F","5","5D","5D",,,,,,,,,,,,,,,,,,,,"1997-03-09",,"G"
"4910","Lepoint","Noëmie","F","2S","2SD","2SD",,,,,,,,,,,,,,,,,,,,"1999-11-27",,"G"
"4909","Lepoint","Thomas","F","2S","2SD","2SD",,,,,,,,,,,,,,,,,,,,"1998-01-10",,"G"
"5477","Lerinckx","Ayoub","M","2C","2CA","2CA",,,,,,,,,,,,,,,,,,,,"2000-03-23",,"G"
"4511","Leroy","Maude","M","3","3G","3G",,,,,,,,,,,,,,,,,,,,"1998-03-12",,"G"
"5729","Leroy","Aurore","M","1C","1C4","1C4",,,,,,,,,,,,,,,,,,,,"2001-01-30",,"G"
"4005","Levrie","Margaux","F","4","4F","4F",,,,,,,,,,,,,,,,,,,,"1997-10-05",,"G"
"4645","Ligotti","Dylan","M","3","3B","3B",,,,,,,,,,,,,,,,,,,,"1998-08-24",,"G"
"5811","Ligotti","Chris","M","1C","1C3","1C3",,,,,,,,,,,,,,,,,,,,"2000-12-19",,"G"
"4587","Limage","Elly","F","4","4D","4D",,,,,,,,,,,,,,,,,,,,"1998-07-04",,"G"
"3522","Lins","Claudia","F","6","6D","6D",,,,,,,,,,,,,,,,,,,,"1996-05-26",,"G"
"5468","Lins","Angelo","F","2C","2CE","2CE",,,,,,,,,,,,,,,,,,,,"2000-09-08",,"G"
"4220","Lipski","Salvatore","M","4","4F","4F",,,,,,,,,,,,,,,,,,,,"1997-05-09",,"G"
"5856","Loliki Masaka","Laura","M","1C","1C3","1C3",,,,,,,,,,,,,,,,,,,,"2000-09-26",,"G"
"3179","Lombaerts","Laura","M","6","6D","6D",,,,,,,,,,,,,,,,,,,,"1995-12-19",,"G"
"5651","Lomonaco","Marie","F","2C","2CB","2CB",,,,,,,,,,,,,,,,,,,,"2000-11-03",,"G"
"5844","Loncke","Konrad","M","1C","1C5","1C5",,,,,,,,,,,,,,,,,,,,"2001-09-20",,"G"
"3144","Lopes Rodrigues","Louis","F","6","6D","6D",,,,,,,,,,,,,,,,,,,,"1995-05-22",,"G"
"4559","Louis","Maxime","M","4","4E","4E",,,,,,,,,,,,,,,,,,,,"1998-09-08",,"G"
"5459","Lourich","Claudia","F","2C","2CG","2CG",,,,,,,,,,,,,,,,,,,,"2000-04-27",,"G"
"4008","Loxhay","Estéban","F","5","5D","5D",,,,,,,,,,,,,,,,,,,,"1997-12-15",,"G"
"3612","Loxhay","Céline","M","6","6D","6D",,,,,,,,,,,,,,,,,,,,"1996-06-09",,"G"
"5523","Lungan","François","M","2C","2CG","2CG",,,,,,,,,,,,,,,,,,,,"2000-02-07",,"G"
"4842","Lunuatu","Yousra","M","2S","2SJ","2SJ",,,,,,,,,,,,,,,,,,,,"1999-04-18",,"G"
"5760","Lutshumba","Chloé","F","1C","1C5","1C5",,,,,,,,,,,,,,,,,,,,"2001-05-29",,"G"
"5527","Lutshumba","Jérôme","F","2C","2CE","2CE",,,,,,,,,,,,,,,,,,,,"2000-04-03",,"G"
"3592","Maas","Andrei","M","6","6A","6A",,,,,,,,,,,,,,,,,,,,"1996-10-15",,"TT"
"5730","Madrane","Onesine","F","1C","1C1","1C1",,,,,,,,,,,,,,,,,,,,"2001-04-21",,"G"
"4226","Maeck","Deborah","M","4","4F","4F",,,,,,,,,,,,,,,,,,,,"1997-01-15",,"G"
"3153","Maes","Emmanuelle","M","6","6D","6D",,,,,,,,,,,,,,,,,,,,"1995-10-18",,"G"
"5058","Maguin","Thibaut","M","6","6E","6E",,,,,,,,,,,,,,,,,,,,"1995-04-10",,"TQ"
"4679","Mahy","Safa","F","3","3A","3A",,,,,,,,,,,,,,,,,,,,"1998-02-25",,"TT"
"4874","Majzik","Cédric","F","3","3E","3E",,,,,,,,,,,,,,,,,,,,"1999-09-13",,"G"
"4954","Malotaux","Alex","M","2S","2SI","2SI",,,,,,,,,,,,,,,,,,,,"1998-02-04",,"G"
"6124","Manolas","David","F","1C","1C3","1C3",,,,,,,,,,,,,,,,,,,,"2001-06-14",,"G"
"3503","Mantione","Elodie","F","6","6B","6B",,,,,,,,,,,,,,,,,,,,"1996-01-13",,"G"
"4825","Maqi","Céline","F","3","3D","3D",,,,,,,,,,,,,,,,,,,,"1999-02-18",,"G"
"4230","Maqi","Damien","F","5","5A","5A",,,,,,,,,,,,,,,,,,,,"1997-01-05",,"TT"
"5705","Marchal","Thalia","M","3","3H","3H",,,,,,,,,,,,,,,,,,,,"1999-08-13",,"G"
"3359","Marinello","Debora","M","5","5B","5B",,,,,,,,,,,,,,,,,,,,"1995-10-16",,"G"
"5510","Marques Ferreira","Liliana","M","2C","2CE","2CE",,,,,,,,,,,,,,,,,,,,"2000-07-16",,"G"
"5879","Marques Garcia","Suzana","M","1C","1C8","1C8",,,,,,,,,,,,,,,,,,,,"2001-11-12",,"G"
"3546","Martelée","William","M","6","6C","6C",,,,,,,,,,,,,,,,,,,,"1996-03-12",,"G"
"4917","Masse","Flavio","F","3","3F","3F",,,,,,,,,,,,,,,,,,,,"1999-04-14",,"G"
"4736","Mata","Hugo","M","4","4D","4D",,,,,,,,,,,,,,,,,,,,"1998-04-04",,"G"
"4882","Mataj","Diogo","M","3","3F","3F",,,,,,,,,,,,,,,,,,,,"1999-02-24",,"G"
"3543","Matassi","Baudouin","F","5","5D","5D",,,,,,,,,,,,,,,,,,,,"1997-04-22",,"G"
"4870","Mathieu","Lola","F","3","3A","3A",,,,,,,,,,,,,,,,,,,,"1999-03-19",,"TT"
"5965","Matoma Muanza","Blerim","F","1C","1C1","1C1",,,,,,,,,,,,,,,,,,,,"2001-06-20",,"G"
"5393","Matondo Manzambi","Adrian","F","2C","2CH","2CH",,,,,,,,,,,,,,,,,,,,"1999-10-04",,"G"
"5418","Mayné","Murielle","F","2C","2CA","2CA",,,,,,,,,,,,,,,,,,,,"2000-09-09",,"G"
"4816","Mazouni","Oceane","F","3","3E","3E",,,,,,,,,,,,,,,,,,,,"1999-11-27",,"G"
"4045","Mbala","Romane","F","4","4D","4D",,,,,,,,,,,,,,,,,,,,"1997-09-17",,"G"
"5503","Mbouombouo","Dricila","F","2C","2CB","2CB",,,,,,,,,,,,,,,,,,,,"2000-11-17",,"G"
"5822","Mbuku Iwongi Sung","Anne","M","1C","1C4","1C4",,,,,,,,,,,,,,,,,,,,"2001-01-30",,"G"
"5825","Mbumba Vandu Di Phaka","Yasmina","F","1C","1C7","1C7",,,,,,,,,,,,,,,,,,,,"2001-11-26",,"G"
"5972","Mbuyi","Nyemba Joyce","M","1C","1C7","1C7",,,,,,,,,,,,,,,,,,,,"2001-01-06",,"G"
"5756","Mcheik","Erine","F","1C","1C7","1C7",,,,,,,,,,,,,,,,,,,,"2000-05-11",,"G"
"4773","Medina Moya","Gradieu Bradley","M","3","3D","3D",,,,,,,,,,,,,,,,,,,,"1999-05-07",,"G"
"5533","Mejdoubi Radi","Loïse","M","1S","1S4","1S4",,,,,,,,,,,,,,,,,,,,"2000-08-19",,"G"
"5463","Melki","Eston","F","2C","2CF","2CF",,,,,,,,,,,,,,,,,,,,"2000-04-14",,"G"
"3713","Mellaerts","Nermine","F","6","6D","6D",,,,,,,,,,,,,,,,,,,,"1996-06-15",,"G"
"5464","Mellaerts","Adrien","M","2C","2CG","2CG",,,,,,,,,,,,,,,,,,,,"2000-04-13",,"G"
"5491","Ménard","Abdallah","M","2C","2CC","2CC",,,,,,,,,,,,,,,,,,,,"2000-06-21",,"G"
"5405","Mendes Cardoso","Melissa","F","2C","2CB","2CB",,,,,,,,,,,,,,,,,,,,"2000-07-04",,"G"
"5809","Menendez-Fernandez","Amanda","M","1C","1C6","1C6",,,,,,,,,,,,,,,,,,,,"2001-04-17",,"G"
"4013","Menne","Diego","M","5","5C","5C",,,,,,,,,,,,,,,,,,,,"1997-09-02",,"G"
"3688","Merchiers","Vincent","F","6","6B","6B",,,,,,,,,,,,,,,,,,,,"1996-10-24",,"G"
"6046","Meulemeester","Laura","M","1C","1C1","1C1",,,,,,,,,,,,,,,,,,,,"2001-07-18",,"G"
"4597","Meunier","Alan","F","4","4E","4E",,,,,,,,,,,,,,,,,,,,"1998-12-18",,"G"
"4789","Mhand Yamna","Benoît","M","3","3D","3D",,,,,,,,,,,,,,,,,,,,"1999-04-19",,"G"
"4896","Miron","Laurence","M","3","3D","3D",,,,,,,,,,,,,,,,,,,,"1999-03-04",,"G"
"5847","Mitosidis","Jordy","F","1C","1C7","1C7",,,,,,,,,,,,,,,,,,,,"2001-01-12",,"G"
"6061","M'Nasri","Julie","M","4","4B","4B",,,,,,,,,,,,,,,,,,,,"1997-07-31",,"G"
"5667","Mobangolo Bazooka","Kamel","F","2C","2CK","2CK",,,,,,,,,,,,,,,,,,,,"2000-11-17",,"G"
"5526","Moens","Denis","F","2C","2CK","2CK",,,,,,,,,,,,,,,,,,,,"2000-12-16",,"G"
"5877","Mohsine","Anastasia","F","1C","1C8","1C8",,,,,,,,,,,,,,,,,,,,"2001-01-09",,"G"
"5447","Moiny","Mohamed-Ali","M","2C","2CK","2CK",,,,,,,,,,,,,,,,,,,,"2000-10-09",,"G"
"4709","Moiny","Erica-Renata","F","3","3E","3E",,,,,,,,,,,,,,,,,,,,"1998-06-24",,"G"
"4884","Mokoto-Mokombe","Lauréline","F","3","3D","3D",,,,,,,,,,,,,,,,,,,,"1999-02-01",,"G"
"4652","Moluki","Razane","F","3","3E","3E",,,,,,,,,,,,,,,,,,,,"1998-11-28",,"G"
"4876","Mommerency","Arnaud","F","3","3D","3D",,,,,,,,,,,,,,,,,,,,"1999-07-31",,"G"
"5416","Mondoc","Laurane","F","2C","2CE","2CE",,,,,,,,,,,,,,,,,,,,"2000-08-30",,"G"
"4538","Mondoc","Stéphanie Kelly","M","4","4F","4F",,,,,,,,,,,,,,,,,,,,"1997-09-19",,"G"
"6074","Monfils","Deborah","M","3","3A","3A",,,,,,,,,,,,,,,,,,,,"1999-12-06",,"TT"
"4936","Morais Da Costa","Sarah","M","3","3B","3B",,,,,,,,,,,,,,,,,,,,"1999-09-11",,"G"
"4530","Morari","Carla Hategan","F","4","4B","4B",,,,,,,,,,,,,,,,,,,,"1998-05-16",,"G"
"5854","Moratello","Edward - Hategan","F","1C","1C2","1C2",,,,,,,,,,,,,,,,,,,,"2001-02-16",,"G"
"4823","Morfitis","Maxime","F","3","3D","3D",,,,,,,,,,,,,,,,,,,,"1999-09-30",,"G"
"5074","Moris","Christophe","F","3","3D","3D",,,,,,,,,,,,,,,,,,,,"1999-09-26",,"G"
"5564","Moucheron","Nicoleta","M","2C","2CG","2CG",,,,,,,,,,,,,,,,,,,,"2000-05-02",,"G"
"5041","Moulathoum","Laura","M","3","3H","3H",,,,,,,,,,,,,,,,,,,,"1999-11-01",,"G"
"5889","Mouratidis","Lisa","M","1C","1C6","1C6",,,,,,,,,,,,,,,,,,,,"2001-05-10",,"G"
"3524","Moureaux","Teri","F","6","6C","6C",,,,,,,,,,,,,,,,,,,,"1996-09-21",,"G"
"3525","Mourette","Gaëtan","M","6","6A","6A",,,,,,,,,,,,,,,,,,,,"1996-07-30",,"G"
"5487","Mouveaux","Ayoub","F","2C","2CF","2CF",,,,,,,,,,,,,,,,,,,,"1999-12-01",,"G"
"5728","Mrabet Kichout","Georges","M","1C","1C6","1C6",,,,,,,,,,,,,,,,,,,,"2001-08-12",,"G"
"4362","Mukania Mayele","Daphné","F","5","5D","5D",,,,,,,,,,,,,,,,,,,,"1997-03-20",,"G"
"5754","Mukendi-Kalubi","Sandy","F","1C","1C8","1C8",,,,,,,,,,,,,,,,,,,,"2001-10-14",,"G"
"5578","Musa","Gaëlle","F","2C","2CB","2CB",,,,,,,,,,,,,,,,,,,,"2000-02-14",,"G"
"5433","Musanovic","Ali","F","2C","2CH","2CH",,,,,,,,,,,,,,,,,,,,"2000-08-05",,"G"
"6095","Musschebroeck","Régine","F","3","3F","3F",,,,,,,,,,,,,,,,,,,,"1999-03-04",,"G"
"5740","Mvukiyehe","Lisa","F","1C","1C6","1C6",,,,,,,,,,,,,,,,,,,,"2001-10-05",,"G"
"5707","Nachid","Kimberly","F","6","6C","6C",,,,,,,,,,,,,,,,,,,,"1996-12-12",,"G"
"5830","Naqi","Sajma","M","1C","1C8","1C8",,,,,,,,,,,,,,,,,,,,"2001-06-28",,"G"
"4858","Ndeze","Manon","M","3","3G","3G",,,,,,,,,,,,,,,,,,,,"1999-01-07",,"G"
"5673","Nefeloudis","Ishimwe Melissa","F","2C","2CG","2CG",,,,,,,,,,,,,,,,,,,,"1998-09-10",,"G"
"6096","Negahban","Mariam","M","4","4B","4B",,,,,,,,,,,,,,,,,,,,"1997-10-24",,"G"
"4056","Neyra Castro","Zakaria","F","6","6B","6B",,,,,,,,,,,,,,,,,,,,"1995-10-10",,"G"
"4703","Ngoyi","Joachim","F","6","6B","6B",,,,,,,,,,,,,,,,,,,,"1996-02-04",,"G"
"4363","Ngoy Lenga","Theodora","F","3","3E","3E",,,,,,,,,,,,,,,,,,,,"1997-10-07",,"G"
"5443","Nguyen","Sina","F","2C","2CC","2CC",,,,,,,,,,,,,,,,,,,,"2000-11-28",,"G"
"4684","Nguyen","Georgina","M","4","4E","4E",,,,,,,,,,,,,,,,,,,,"1998-08-31",,"G"
"4622","Nguyen","Claudia","M","4","4C","4C",,,,,,,,,,,,,,,,,,,,"1998-03-12",,"G"
"4241","Nguyen","Gladys-Nzenze","F","5","5B","5B",,,,,,,,,,,,,,,,,,,,"1997-03-22",,"G"
"4754","Nguyen","Cécile Ngan Ha","M","2S","2SJ","2SJ",,,,,,,,,,,,,,,,,,,,"1998-09-08",,"G"
"4685","Nicolay","Dang Khoa","F","3","3E","3E",,,,,,,,,,,,,,,,,,,,"1997-08-08",,"G"
"5435","Nicolay","Duc Viet","F","2C","2CH","2CH",,,,,,,,,,,,,,,,,,,,"1999-07-17",,"G"
"5672","Niculae","Vu Hong-An","F","2C","2CG","2CG",,,,,,,,,,,,,,,,,,,,"1999-11-08",,"G"
"5446","Nielipinski","Vu Quoc Trung","M","2C","2CH","2CH",,,,,,,,,,,,,,,,,,,,"2000-06-30",,"G"
"5036","Niewiadomska","Amanda","F","3","3F","3F",,,,,,,,,,,,,,,,,,,,"1999-10-27",,"G"
"4953","Nje","Samantha","F","3","3G","3G",,,,,,,,,,,,,,,,,,,,"1998-12-14",,"G"
"3584","Noël","Gabriela-Alexandra","M","6","6D","6D",,,,,,,,,,,,,,,,,,,,"1996-08-12",,"G"
"4242","Noka","Daniel","F","5","5D","5D",,,,,,,,,,,,,,,,,,,,"1997-05-07",,"G"
"5441","Nouali","Julia","M","2C","2CB","2CB",,,,,,,,,,,,,,,,,,,,"2000-11-05",,"G"
"6013","N Selala Efoloko","Jennifer","F","1C","1C3","1C3",,,,,,,,,,,,,,,,,,,,"2001-02-13",,"G"
"4903","Nsiama","Florian","F","3","3F","3F",,,,,,,,,,,,,,,,,,,,"1999-10-24",,"G"
"5768","Nsiama-Mbungu","Lyndita","M","1C","1C6","1C6",,,,,,,,,,,,,,,,,,,,"2001-03-24",,"G"
"4891","Nyagatare","Hamza","F","3","3G","3G",,,,,,,,,,,,,,,,,,,,"1999-02-02",,"G"
"5781","Nyagatare","Joy","M","1C","1C5","1C5",,,,,,,,,,,,,,,,,,,,"2001-01-20",,"G"
"3600","Oger","Divine","F","6","6B","6B",,,,,,,,,,,,,,,,,,,,"1996-05-18",,"G"
"5758","Okita Djamba Okoko D'Okito","Benit","F","1C","1C3","1C3",,,,,,,,,,,,,,,,,,,,"2001-05-04",,"G"
"6122","Okito Tshinga","Alixe","M","2S","2SI","2SI",,,,,,,,,,,,,,,,,,,,"1999-10-28",,"G"
"4621","Okutucu","Junior","F","4","4F","4F",,,,,,,,,,,,,,,,,,,,"1998-06-30",,"G"
"4985","Olmedo Vazquez","Florine","M","2S","2SD","2SD",,,,,,,,,,,,,,,,,,,,"1998-03-10",,"G"
"4686","Onoszko","Sarah","M","3","3B","3B",,,,,,,,,,,,,,,,,,,,"1998-02-22",,"G"
"5454","Onrubia -Muro","Jérémie Emile","F","2C","2CA","2CA",,,,,,,,,,,,,,,,,,,,"2000-05-12",,"G"
"5536","Ouaghli","Meltem","M","2C","2CF","2CF",,,,,,,,,,,,,,,,,,,,"2000-07-07",,"G"
"5452","Ouahabi Al Hassani","Brian","M","2C","2CK","2CK",,,,,,,,,,,,,,,,,,,,"2000-04-23",,"G"
"6005","Ouahallou","Mateusz","F","1C","1C5","1C5",,,,,,,,,,,,,,,,,,,,"2001-12-26",,"G"
"4063","Ouazzani","Lucie","F","5","5C","5C",,,,,,,,,,,,,,,,,,,,"1997-03-21",,"G"
"5461","Ouazzani","Adam","F","2C","2CK","2CK",,,,,,,,,,,,,,,,,,,,"2000-07-09",,"G"
"5745","Oufkir","Zayd","F","1C","1C4","1C4",,,,,,,,,,,,,,,,,,,,"2001-11-06",,"G"
"4848","Özkan","Sabria","F","3","3G","3G",,,,,,,,,,,,,,,,,,,,"1998-08-20",,"G"
"4567","Ozkan","Séphora","F","4","4A","4A",,,,,,,,,,,,,,,,,,,,"1998-04-25",,"TT"
"4940","Ozturk","Soundes","M","3","3B","3B",,,,,,,,,,,,,,,,,,,,"1999-02-08",,"G"
"3170","Pace","Aïcha","F","6","6E","6E",,,,,,,,,,,,,,,,,,,,"1995-04-20",,"TQ"
"4553","Paglia","Selena","M","4","4A","4A",,,,,,,,,,,,,,,,,,,,"1998-06-23",,"TT"
"3155","Paglia","Selin","M","6","6E","6E",,,,,,,,,,,,,,,,,,,,"1995-01-21",,"TQ"
"4574","Palmeri","Ekin","F","3","3E","3E",,,,,,,,,,,,,,,,,,,,"1998-05-26",,"G"
"3156","Palmeri","Melissa","F","6","6D","6D",,,,,,,,,,,,,,,,,,,,"1995-10-18",,"G"
"4821","Panda Andjelani","Andrea","F","3","3F","3F",,,,,,,,,,,,,,,,,,,,"1999-03-16",,"G"
"3422","Panda Mbafumoya","Giorgio","M","6","6D","6D",,,,,,,,,,,,,,,,,,,,"1995-07-04",,"G"
"3915","Panda Mbutu","Lena","M","5","5D","5D",,,,,,,,,,,,,,,,,,,,"1997-04-26",,"G"
"6114","Paquet","Nina","F","1C","1C8","1C8",,,,,,,,,,,,,,,,,,,,"2001-06-20",,"G"
"3483","Pascolini",,"M","6","6B","6B",,,,,,,,,,,,,,,,,,,,"1996-06-15",,"G"
"4687","Pashaj","Joseph","F","4","4D","4D",,,,,,,,,,,,,,,,,,,,"1998-12-11",,"G"
"4845","Passarelli","François","F","3","3A","3A",,,,,,,,,,,,,,,,,,,,"1999-10-16",,"TT"
"4798","Patricio Pereira","Coline","M","3","3C","3C",,,,,,,,,,,,,,,,,,,,"1999-07-08",,"G"
"5492","Pektas","Martin","M","2C","2CF","2CF",,,,,,,,,,,,,,,,,,,,"2000-03-13",,"G"
"4984","Pereira Guedes","Stelina","F","3","3E","3E",,,,,,,,,,,,,,,,,,,,"1999-06-15",,"G"
"4915","Perez Sanchez","Coraline","M","3","3H","3H",,,,,,,,,,,,,,,,,,,,"1999-11-18",,"G"
"5796","Perkowski","Stephane","M","1C","1C5","1C5",,,,,,,,,,,,,,,,,,,,"2001-07-30",,"G"
"5909","Pesesse","Semih","F","1C","1C3","1C3",,,,,,,,,,,,,,,,,,,,"2001-05-04",,"G"
"3538","Petitjean","Isabelle","F","6","6E","6E",,,,,,,,,,,,,,,,,,,,"1996-06-17",,"TQ"
"4753","Petrovski","Matias","M","2S","2SD","2SD",,,,,,,,,,,,,,,,,,,,"1998-12-29",,"G"
"4857","Petrovski","Kamil","M","2S","2SI","2SI",,,,,,,,,,,,,,,,,,,,"1998-03-09",,"G"
"4019","Petrovski","Estelle","M","4","4C","4C",,,,,,,,,,,,,,,,,,,,"1996-11-13",,"G"
"5512","Pham","Elodie","F","2C","2CA","2CA",,,,,,,,,,,,,,,,,,,,"2000-05-03",,"G"
"3553","Pien","Anthony","M","6","6C","6C",,,,,,,,,,,,,,,,,,,,"1996-04-22",,"G"
"4854","Pien","Ludovic","M","3","3F","3F",,,,,,,,,,,,,,,,,,,,"1999-10-04",,"G"
"5562","Pienczykowska","Sacha","F","2C","2CC","2CC",,,,,,,,,,,,,,,,,,,,"2000-03-30",,"G"
"3087","Pinto","Phuong Anh","M","6","6B","6B",,,,,,,,,,,,,,,,,,,,"1995-08-24",,"G"
"5485","Pinto","Arthur","M","2C","2CG","2CG",,,,,,,,,,,,,,,,,,,,"2000-06-07",,"G"
"5398","Pinto Pereira","Louis","F","2C","2CK","2CK",,,,,,,,,,,,,,,,,,,,"1999-05-25",,"G"
"5698","Piscador","Ingrid","M","6","6A","6A",,,,,,,,,,,,,,,,,,,,"1995-07-31",,"TT"
"4791","Piwkowska","Alessio","F","2S","2SI","2SI",,,,,,,,,,,,,,,,,,,,"1999-05-25",,"G"
"4878","Pletinckx","Rayan","F","3","3A","3A",,,,,,,,,,,,,,,,,,,,"1999-04-25",,"TT"
"5617","Pluvinage","Stéphanie","M","2C","2CG","2CG",,,,,,,,,,,,,,,,,,,,"2000-05-24",,"G"
"5432","Pochet","Thomas","F","2C","2CA","2CA",,,,,,,,,,,,,,,,,,,,"2000-04-10",,"G"
"4250","Pochet","Ramona","F","5","5C","5C",,,,,,,,,,,,,,,,,,,,"1997-01-07",,"G"
"3673","Podwysocka","Shireen","F","6","6B","6B",,,,,,,,,,,,,,,,,,,,"1996-12-29",,"G"
"5802","Podwysocki","Léo","M","1C","1C5","1C5",,,,,,,,,,,,,,,,,,,,"2001-05-31",,"G"
"5848","Pollet","Elsa","M","1C","1C2","1C2",,,,,,,,,,,,,,,,,,,,"2001-07-20",,"G"
"3563","Polomé","Lola","F","6","6B","6B",,,,,,,,,,,,,,,,,,,,"1996-05-11",,"G"
"3562","Polomé","Anna","F","6","6B","6B",,,,,,,,,,,,,,,,,,,,"1996-05-11",,"G"
"5514","Portaña","Mariusz","M","2C","2CB","2CB",,,,,,,,,,,,,,,,,,,,"2000-02-09",,"G"
"4776","Porucznik","Tiago","F","3","3C","3C",,,,,,,,,,,,,,,,,,,,"1999-05-26",,"G"
"5649","Puchalski","Manon","M","2C","2CE","2CE",,,,,,,,,,,,,,,,,,,,"2000-04-28",,"G"
"6081","Puylaert","Maud","M","3","3H","3H",,,,,,,,,,,,,,,,,,,,"1999-12-15",,"G"
"6082","Puylaert","Bruno","M","3","3H","3H",,,,,,,,,,,,,,,,,,,,"1999-12-15",,"G"
"6063","Rahmouni","Natalia","M","4","4B","4B",,,,,,,,,,,,,,,,,,,,"1997-07-21",,"G"
"4797","Rajouai","Sebastian","F","3","3E","3E",,,,,,,,,,,,,,,,,,,,"1999-07-07",,"G"
"4254","Rajouai","Salim","M","5","5C","5C",,,,,,,,,,,,,,,,,,,,"1997-06-18",,"G"
"5835","Rakik","Yassin","F","1C","1C6","1C6",,,,,,,,,,,,,,,,,,,,"2001-03-02",,"G"
"5733","Raouf","Saber Cedrik","M","1C","1C7","1C7",,,,,,,,,,,,,,,,,,,,"2001-07-28",,"G"
"5395","Raouf","Hassna","M","2C","2CK","2CK",,,,,,,,,,,,,,,,,,,,"2000-07-27",,"G"
"3568","Rasson","Youssef","M","5","5B","5B",,,,,,,,,,,,,,,,,,,,"1996-07-01",,"G"
"4889","Razniak","Imen","M","3","3G","3G",,,,,,,,,,,,,,,,,,,,"1999-05-25",,"G"
"4774","Rebelo Carvalho","Ayoub","F","3","3D","3D",,,,,,,,,,,,,,,,,,,,"1999-01-30",,"G"
"5489","Renaudet","Naoufal","M","2C","2CC","2CC",,,,,,,,,,,,,,,,,,,,"2000-09-20",,"G"
"4566","Renoy","Pierre-Jean","M","3","3A","3A",,,,,,,,,,,,,,,,,,,,"1998-09-04",,"TT"
"5506","Reunis","Pawel","F","2C","2CA","2CA",,,,,,,,,,,,,,,,,,,,"2000-05-27",,"G"
"5821","Rexhep","Susana","F","1C","1C7","1C7",,,,,,,,,,,,,,,,,,,,"2001-04-09",,"G"
"4107","Reynolds","Julien","M","4","4D","4D",,,,,,,,,,,,,,,,,,,,"1997-09-14",,"G"
"5044","Rghif","Xavier","F","3","3B","3B",,,,,,,,,,,,,,,,,,,,"1999-09-30",,"G"
"4922","R'Ghioui","Manon","M","3","3H","3H",,,,,,,,,,,,,,,,,,,,"1999-07-18",,"G"
"3581","Rifaut","Valona","F","6","6B","6B",,,,,,,,,,,,,,,,,,,,"1996-12-10",,"G"
"6055","Riolo","Andy","F","5","5E","5E",,,,,,,,,,,,,,,,,,,,"1996-05-15",,"TQ"
"3588","Rodriguez y Peñafuerte","Ghania","M","5","5A","5A",,,,,,,,,,,,,,,,,,,,"1996-07-03",,"TT"
"3621","Rogé","Imrane","F","6","6C","6C",,,,,,,,,,,,,,,,,,,,"1996-06-14",,"G"
"4542","Rogé","Sophie","F","4","4E","4E",,,,,,,,,,,,,,,,,,,,"1998-04-08",,"G"
"4873","Roisse","Paola","M","2S","2SI","2SI",,,,,,,,,,,,,,,,,,,,"1999-10-02",,"G"
"5807","Roisse","Sebastian","M","1C","1C8","1C8",,,,,,,,,,,,,,,,,,,,"2001-08-16",,"G"
"5488","Rojo Suarez","Charlotte","F","2C","2CB","2CB",,,,,,,,,,,,,,,,,,,,"2000-08-17",,"G"
"5423","Roka","Chloé","M","2C","2CH","2CH",,,,,,,,,,,,,,,,,,,,"2000-11-15",,"G"
"3545","Roman","Damien","F","6","6C","6C",,,,,,,,,,,,,,,,,,,,"1996-12-17",,"G"
"4030","Rommelaere","Sébastien","F","5","5E","5E",,,,,,,,,,,,,,,,,,,,"1997-08-11",,"TQ"
"5852","Roobier","Sara","M","1C","1C4","1C4",,,,,,,,,,,,,,,,,,,,"2000-12-03",,"G"
"3643","Roossens","Abash Bahadur","F","6","6D","6D",,,,,,,,,,,,,,,,,,,,"1996-07-20",,"G"
"6036","Rosario","Marie","F","1C","1C2","1C2",,,,,,,,,,,,,,,,,,,,"2000-01-18",,"G"
"4726","Rosez","Ilona","M","4","4E","4E",,,,,,,,,,,,,,,,,,,,"1998-12-11",,"G"
"5444","Rosez","Alexy","M","2C","2CA","2CA",,,,,,,,,,,,,,,,,,,,"2000-06-15",,"G"
"5544","Rubin","Delphine","F","2C","2CF","2CF",,,,,,,,,,,,,,,,,,,,"2000-03-13",,"G"
"3526","Ruell","Jessica","F","6","6D","6D",,,,,,,,,,,,,,,,,,,,"1996-09-01",,"G"
"3491","Rustemovic","Vincent","M","6","6E","6E",,,,,,,,,,,,,,,,,,,,"1996-04-17",,"TQ"
"4556","Rygaert","Xavier","M","4","4B","4B",,,,,,,,,,,,,,,,,,,,"1998-08-17",,"G"
"5391","Sabri","Sara","M","2C","2CF","2CF",,,,,,,,,,,,,,,,,,,,"2000-01-10",,"G"
"5517","Saddiki","Camille","M","2C","2CE","2CE",,,,,,,,,,,,,,,,,,,,"1999-12-03",,"G"
"4827","Sag","Melvin","M","2S","2SD","2SD",,,,,,,,,,,,,,,,,,,,"1999-04-19",,"G"
"4807","Sahmaoui","Denis","F","3","3D","3D",,,,,,,,,,,,,,,,,,,,"1999-05-14",,"G"
"4273","Sahmaoui","Youssef","F","5","5C","5C",,,,,,,,,,,,,,,,,,,,"1997-06-08",,"G"
"4759","Saidi","Jawad","M","2S","2SJ","2SJ",,,,,,,,,,,,,,,,,,,,"1999-07-15",,"G"
"5736","Saidi","Anthony","F","1C","1C1","1C1",,,,,,,,,,,,,,,,,,,,"2000-12-22",,"G"
"6018","Sakindi","Lamya","F","1C","1C3","1C3",,,,,,,,,,,,,,,,,,,,"2001-09-23",,"G"
"3107","Saksou","Sanâ","F","6","6B","6B",,,,,,,,,,,,,,,,,,,,"1995-08-05",,"G"
"5700","Sallets","Bilal","M","6","6A","6A",,,,,,,,,,,,,,,,,,,,"1994-04-30",,"TT"
"5616","Salomé","Ghislaine","M","2C","2CF","2CF",,,,,,,,,,,,,,,,,,,,"2000-01-11",,"G"
"5079","Samadi","Shema Sylvia","F","3","3E","3E",,,,,,,,,,,,,,,,,,,,"1999-09-17",,"G"
"4869","Sanchez Dominguez","Imane","F","3","3D","3D",,,,,,,,,,,,,,,,,,,,"1999-03-12",,"G"
"4778","Sangi","Robin","M","2S","2SJ","2SJ",,,,,,,,,,,,,,,,,,,,"1999-04-20",,"G"
"6069","Santolin","Thomas","M","1D","1DD","1DD",,,,,,,,,,,,,,,,,,,,"2000-05-29",,"G"
"3558","Santolin","Nisrine","F","6","6C","6C",,,,,,,,,,,,,,,,,,,,"1996-12-27",,"G"
"3651","Saoudi","Vanessa","M","5","5B","5B",,,,,,,,,,,,,,,,,,,,"1996-06-13",,"G"
"6004","Sari","Mardouche","F","1C","1C8","1C8",,,,,,,,,,,,,,,,,,,,"2000-10-04",,"G"
"3547","Schaller","Jérémy","F","6","6A","6A",,,,,,,,,,,,,,,,,,,,"1996-05-27",,"TT"
"4829","Schaller","Linda","F","2S","2SJ","2SJ",,,,,,,,,,,,,,,,,,,,"1999-11-05",,"G"
"4828","Schaller","Salahdine","M","2S","2SI","2SI",,,,,,,,,,,,,,,,,,,,"1999-11-05",,"G"
"5483","Schoofs","Melissa","F","2C","2CG","2CG",,,,,,,,,,,,,,,,,,,,"2000-12-10",,"G"
"3672","Schubert","Chelsy","M","5","5C","5C",,,,,,,,,,,,,,,,,,,,"1996-08-01",,"G"
"4575","Schubert","Degy","M","3","3A","3A",,,,,,,,,,,,,,,,,,,,"1998-10-22",,"TT"
"5397","Sebbah","Jordan","F","2C","2CE","2CE",,,,,,,,,,,,,,,,,,,,"2000-04-05",,"G"
"5846","Sedjari","Louise","M","1C","1C1","1C1",,,,,,,,,,,,,,,,,,,,"2001-07-05",,"G"
"4557","Sedyn","Antoine","F","4","4C","4C",,,,,,,,,,,,,,,,,,,,"1998-07-02",,"G"
"5029","Seif","Tanguy","M","3","3F","3F",,,,,,,,,,,,,,,,,,,,"1999-10-05",,"G"
"5831","Sejdini","Soumeya","F","1C","1C8","1C8",,,,,,,,,,,,,,,,,,,,"2001-01-23",,"G"
"6112","Sek","Mossaab","F","3","3G","3G",,,,,,,,,,,,,,,,,,,,"1998-11-27",,"G"
"4834","Seret","Laura","F","3","3C","3C",,,,,,,,,,,,,,,,,,,,"2000-01-09",,"G"
"4120","Serkeyn","Andy","F","4","4D","4D",,,,,,,,,,,,,,,,,,,,"1997-02-12",,"G"
"4619","Sghiouar","Floriada","M","4","4F","4F",,,,,,,,,,,,,,,,,,,,"1998-07-02",,"G"
"6121","Sharman","Oliwia","F","4","4A","4A",,,,,,,,,,,,,,,,,,,,"1997-08-04",,"TT"
"5507","Shitite","Athénaïs","F","2C","2CE","2CE",,,,,,,,,,,,,,,,,,,,"2000-11-22",,"G"
"4767","Simal","Léonie","F","2S","2SD","2SD",,,,,,,,,,,,,,,,,,,,"1998-05-16",,"G"
"5714","Simon","Ya Sine","F","6","6E","6E",,,,,,,,,,,,,,,,,,,,"1993-12-28",,"TQ"
"5804","Simon","Evangeline","F","1C","1C1","1C1",,,,,,,,,,,,,,,,,,,,"2001-11-06",,"G"
"6093","Siõn Paucar","Rania","F","1D","1DD","1DD",,,,,,,,,,,,,,,,,,,,"2001-06-17",,"G"
"4788","Sioen","Jessica","F","3","3C","3C",,,,,,,,,,,,,,,,,,,,"1999-09-17",,"G"
"5421","Skórski","Cléo","M","1S","1S3","1S3",,,,,,,,,,,,,,,,,,,,"1999-09-05",,"G"
"5445","Slegers","Margaux","F","2C","2CH","2CH",,,,,,,,,,,,,,,,,,,,"2000-06-28",,"G"
"4546","Smeesters","Gianna Stéphanie","M","4","4E","4E",,,,,,,,,,,,,,,,,,,,"1998-11-11",,"G"
"5431","Sofi","Julia","F","2C","2CB","2CB",,,,,,,,,,,,,,,,,,,,"1999-12-03",,"G"
"3917","Sola Caballero","Konrad","M","5","5C","5C",,,,,,,,,,,,,,,,,,,,"1997-01-07",,"G"
"4561","Sola Caballero","Marine","M","4","4B","4B",,,,,,,,,,,,,,,,,,,,"1998-08-03",,"G"
"4900","Sousa Espinho","Tristan","F","3","3B","3B",,,,,,,,,,,,,,,,,,,,"1999-02-04",,"G"
"4899","Sousa Espinho","Sabrine","F","2S","2SJ","2SJ",,,,,,,,,,,,,,,,,,,,"1999-02-04",,"G"
"5788","Spahija","Esteban","M","1C","1C3","1C3",,,,,,,,,,,,,,,,,,,,"2001-01-25",,"G"
"3645","Spahija","Teo","M","5","5A","5A",,,,,,,,,,,,,,,,,,,,"1996-09-07",,"TT"
"3511","Starmans","Marina","F","6","6E","6E",,,,,,,,,,,,,,,,,,,,"1996-08-26",,"TQ"
"5415","Sterczynski","Monica","F","2C","2CC","2CC",,,,,,,,,,,,,,,,,,,,"2000-10-25",,"G"
"5776","Sternik","Gavin","F","1C","1C8","1C8",,,,,,,,,,,,,,,,,,,,"2000-08-05",,"G"
"4586","Stoquart","Melvin","M","4","4D","4D",,,,,,,,,,,,,,,,,,,,"1998-01-13",,"G"
"4584","Suarez Alcalde","Julie","F","4","4A","4A",,,,,,,,,,,,,,,,,,,,"1998-08-09",,"TT"
"3606","Subtil Galvao","Sarah","M","6","6D","6D",,,,,,,,,,,,,,,,,,,,"1996-12-27",,"G"
"5478","Subtil Galvao","Marta","F","2C","2CC","2CC",,,,,,,,,,,,,,,,,,,,"2000-03-24",,"G"
"5820","Swerts","Gil","M","1C","1C3","1C3",,,,,,,,,,,,,,,,,,,,"2001-04-18",,"G"
"3554","Syti","Alicia","M","6","6B","6B",,,,,,,,,,,,,,,,,,,,"1996-02-24",,"G"
"5765","Syti","Alexandre","M","1C","1C1","1C1",,,,,,,,,,,,,,,,,,,,"2001-09-17",,"G"
"5603","Szereszowiec","Matilde","M","2C","2CA","2CA",,,,,,,,,,,,,,,,,,,,"2000-09-22",,"G"
"4570","Tahri","Jason","F","3","3D","3D",,,,,,,,,,,,,,,,,,,,"1998-10-10",,"G"
"3587","Tajmout","Nicolas","F","6","6D","6D",,,,,,,,,,,,,,,,,,,,"1996-02-19",,"G"
"4784","Takam Djomkam","Thomas","M","3","3C","3C",,,,,,,,,,,,,,,,,,,,"1999-12-26",,"G"
"4902","Takkal","Daniel","F","3","3C","3C",,,,,,,,,,,,,,,,,,,,"1999-11-08",,"G"
"5456","Talamakrouni","Soukaina","M","2C","2CB","2CB",,,,,,,,,,,,,,,,,,,,"2000-04-11",,"G"
"4576","Talamakrouni","Sara","F","4","4A","4A",,,,,,,,,,,,,,,,,,,,"1998-12-20",,"TT"
"5744","Talbi","Régis","F","1C","1C6","1C6",,,,,,,,,,,,,,,,,,,,"2001-12-22",,"G"
"4706","Tang","Nisrine","M","4","4B","4B",,,,,,,,,,,,,,,,,,,,"1998-02-10",,"G"
"4877","Tarfi","Nabil","F","2S","2SI","2SI",,,,,,,,,,,,,,,,,,,,"1998-04-19",,"G"
"4796","Tas","Nawal","M","3","3B","3B",,,,,,,,,,,,,,,,,,,,"1999-08-25",,"G"
"4653","Tas","Assia","F","4","4B","4B",,,,,,,,,,,,,,,,,,,,"1998-03-31",,"G"
"4811","Taschetta","Jean-Michaël","F","3","3E","3E",,,,,,,,,,,,,,,,,,,,"1999-09-19",,"G"
"4691","Tavsi","Narjis","M","3","3C","3C",,,,,,,,,,,,,,,,,,,,"1998-08-06",,"G"
"6087","Tchounze","Bayram","F","3","3D","3D",,,,,,,,,,,,,,,,,,,,"2001-03-13",,"G"
"3066","Tedik","Berna","F","6","6A","6A",,,,,,,,,,,,,,,,,,,,"1995-04-08",,"TT"
"5798","Teich","Noémi","F","1C","1C1","1C1",,,,,,,,,,,,,,,,,,,,"2001-11-15",,"G"
"4560","Tellier","Elias","M","4","4B","4B",,,,,,,,,,,,,,,,,,,,"1998-03-26",,"G"
"4780","Territo","Manina Line","F","3","3C","3C",,,,,,,,,,,,,,,,,,,,"1999-05-31",,"G"
"4569","Teyouba","Tûba","F","3","3A","3A",,,,,,,,,,,,,,,,,,,,"1998-07-01",,"TT"
"4626","Thai","Juliette","F","3","3A","3A",,,,,,,,,,,,,,,,,,,,"1997-12-16",,"TT"
"4651","Theodossiou","Yannick","M","4","4A","4A",,,,,,,,,,,,,,,,,,,,"1998-03-16",,"TT"
"5842","Thibaux","Laura","M","1C","1C1","1C1",,,,,,,,,,,,,,,,,,,,"2001-08-17",,"G"
"4084","Tilleman","Inas","F","5","5B","5B",,,,,,,,,,,,,,,,,,,,"1997-07-21",,"G"
"4764","Tock","Thuy-Trang","M","2S","2SJ","2SJ",,,,,,,,,,,,,,,,,,,,"1998-08-21",,"G"
"4692","Todorovic","Alexandre","F","4","4D","4D",,,,,,,,,,,,,,,,,,,,"1998-11-19",,"G"
"5746","Tolis","Dorian","F","1C","1C4","1C4",,,,,,,,,,,,,,,,,,,,"2001-07-12",,"G"
"4768","Tolis","Estelle","F","3","3A","3A",,,,,,,,,,,,,,,,,,,,"1999-04-20",,"TT"
"5597","Tolo Komunga","Cédric","F","2C","2CE","2CE",,,,,,,,,,,,,,,,,,,,"2000-12-20",,"G"
"4091","Tomala","Victoria","M","5","5B","5B",,,,,,,,,,,,,,,,,,,,"1997-05-01",,"G"
"4093","Tomas Gonzalez","Emilia","F","5","5E","5E",,,,,,,,,,,,,,,,,,,,"1997-06-03",,"TQ"
"5508","Tonda Ziunga","Jessica","M","2C","2CE","2CE",,,,,,,,,,,,,,,,,,,,"2000-08-12",,"G"
"3918","Torton","Rose","M","3","3C","3C",,,,,,,,,,,,,,,,,,,,"1997-05-26",,"G"
"5943","Tosic","Emanuel","M","1C","1C3","1C3",,,,,,,,,,,,,,,,,,,,"2001-01-04",,"G"
"3589","Touati","Noelia","M","5","5B","5B",,,,,,,,,,,,,,,,,,,,"1996-01-17",,"G"
"5857","Touati","Joachim","M","1C","1C3","1C3",,,,,,,,,,,,,,,,,,,,"2001-03-25",,"G"
"5434","Touati","Maxime","F","2C","2CF","2CF",,,,,,,,,,,,,,,,,,,,"2000-05-16",,"G"
"4642","Tourtouras","Olivier","M","4","4F","4F",,,,,,,,,,,,,,,,,,,,"1998-01-01",,"G"
"5530","Touzani","Bilal","M","2C","2CB","2CB",,,,,,,,,,,,,,,,,,,,"2000-09-26",,"G"
"5409","Tran","Ilias","M","2C","2CK","2CK",,,,,,,,,,,,,,,,,,,,"2000-04-19",,"G"
"3702","Tran","Mariam","F","6","6C","6C",,,,,,,,,,,,,,,,,,,,"1996-03-17",,"G"
"5394","Tribak","Evangélios","F","2C","2CF","2CF",,,,,,,,,,,,,,,,,,,,"2000-07-17",,"G"
"5408","Tribak","Mohamed","F","2C","2CG","2CG",,,,,,,,,,,,,,,,,,,,"2000-03-11",,"G"
"4898","Truong","Quoc Sang","M","3","3C","3C",,,,,,,,,,,,,,,,,,,,"1999-08-07",,"G"
"5790","Tsalas","Thi Thanh Van","F","1C","1C3","1C3",,,,,,,,,,,,,,,,,,,,"2001-08-26",,"G"
"4130","Tsalas","Menel","M","4","4C","4C",,,,,,,,,,,,,,,,,,,,"1997-08-06",,"G"
"4694","Tshefu","Nora","M","3","3B","3B",,,,,,,,,,,,,,,,,,,,"1998-04-08",,"G"
"5466","Tuerlinckx","Huynh Kevin","F","2C","2CA","2CA",,,,,,,,,,,,,,,,,,,,"2000-09-30",,"G"
"4591","Tuerlinckx","Lambrini","F","4","4E","4E",,,,,,,,,,,,,,,,,,,,"1998-08-06",,"G"
"3613","Tuerlinckx","Nicolaos","M","6","6C","6C",,,,,,,,,,,,,,,,,,,,"1996-10-03",,"G"
"4771","Tylka","Michee","F","3","3C","3C",,,,,,,,,,,,,,,,,,,,"1999-12-14",,"G"
"5719","Ualgouh","Chloé","M","6","6A","6A",,,,,,,,,,,,,,,,,,,,"1994-08-12",,"TT"
"3714","Umuhoza","Eloïse","F","6","6D","6D",,,,,,,,,,,,,,,,,,,,"1996-05-03",,"G"
"5602","Usciuc","Thibault","M","2C","2CE","2CE",,,,,,,,,,,,,,,,,,,,"1999-03-21",,"G"
"5601","Usciuc","Sara","F","2C","2CH","2CH",,,,,,,,,,,,,,,,,,,,"2000-07-06",,"G"
"4913","Usciuc","Sabri","F","3","3C","3C",,,,,,,,,,,,,,,,,,,,"1999-01-24",,"G"
"4096","Van Bamis","Yveline","F","5","5E","5E",,,,,,,,,,,,,,,,,,,,"1997-10-31",,"TQ"
"4881","Vanbel","Ioan","F","3","3D","3D",,,,,,,,,,,,,,,,,,,,"1997-12-07",,"G"
"4389","Van Belle","Manuela","F","5","5C","5C",,,,,,,,,,,,,,,,,,,,"1997-07-06",,"G"
"4132","Van Belle","Nicoleta","M","4","4C","4C",,,,,,,,,,,,,,,,,,,,"1997-01-09",,"G"
"4727","Van Boxmeer","Shirley","F","4","4E","4E",,,,,,,,,,,,,,,,,,,,"1998-06-03",,"G"
"5448","Van Boxmeer","Agnès","M","2C","2CB","2CB",,,,,,,,,,,,,,,,,,,,"2000-05-16",,"G"
"6077","Van Cauwenbergh","Anaïs","F","1D","1DD","1DD",,,,,,,,,,,,,,,,,,,,"2000-05-08",,"G"
"4883","Vanclève","Kévin","F","3","3E","3E",,,,,,,,,,,,,,,,,,,,"1999-12-18",,"G"
"4885","Van Crombrugge","Céline","F","3","3C","3C",,,,,,,,,,,,,,,,,,,,"1999-09-16",,"G"
"5428","Van Crombrugge","Thomas","F","2C","2CA","2CA",,,,,,,,,,,,,,,,,,,,"2000-12-21",,"G"
"5400","Van Daele","Charline","F","2C","2CK","2CK",,,,,,,,,,,,,,,,,,,,"2000-05-08",,"G"
"3649","Vande Casteele","Lola","M","6","6B","6B",,,,,,,,,,,,,,,,,,,,"1996-06-01",,"G"
"5414","Vanden Bossche","Charline","F","2C","2CC","2CC",,,,,,,,,,,,,,,,,,,,"2000-08-17",,"G"
"5764","Van den Broeck","Romane","F","1C","1C2","1C2",,,,,,,,,,,,,,,,,,,,"2001-01-18",,"G"
"4864","Van den Broeck","Lisa","M","3","3H","3H",,,,,,,,,,,,,,,,,,,,"1999-03-21",,"G"
"4593","Van Den Daele","Alec","M","4","4E","4E",,,,,,,,,,,,,,,,,,,,"1998-10-22",,"G"
"4524","Vandenhaute","Chloé","M","3","3A","3A",,,,,,,,,,,,,,,,,,,,"1998-06-29",,"TT"
"6115","Van Den Haute","Estelle","F","1C","1C2","1C2",,,,,,,,,,,,,,,,,,,,"2001-07-03",,"G"
"4699","Vandenheede","Maxime","F","6","6E","6E",,,,,,,,,,,,,,,,,,,,"1996-09-27",,"TQ"
"4532","Vandensande","Axel","F","4","4D","4D",,,,,,,,,,,,,,,,,,,,"1998-10-17",,"G"
"4725","Van De Putte","Valentin","F","4","4B","4B",,,,,,,,,,,,,,,,,,,,"1998-04-23",,"G"
"4097","Vanderkelen","Ysée","F","5","5E","5E",,,,,,,,,,,,,,,,,,,,"1997-10-24",,"TQ"
"5026","Vander Putten","Laure","F","3","3H","3H",,,,,,,,,,,,,,,,,,,,"1999-12-12",,"G"
"3677","Vanderschueren","Yasmine","F","4","4A","4A",,,,,,,,,,,,,,,,,,,,"1996-09-05",,"TT"
"6015","Vanderweerden","Tatiana","M","1C","1C2","1C2",,,,,,,,,,,,,,,,,,,,"2001-01-06",,"G"
"4655","Van Deun","Laura","M","4","4B","4B",,,,,,,,,,,,,,,,,,,,"1998-02-15",,"G"
"4853","Van De Velde","Gladys","M","3","3A","3A",,,,,,,,,,,,,,,,,,,,"1999-11-12",,"TT"
"4920","Van Dorpe","Manon","M","3","3H","3H",,,,,,,,,,,,,,,,,,,,"1999-11-12",,"G"
"5528","Van Droogenbroeck","Arthur","F","2C","2CA","2CA",,,,,,,,,,,,,,,,,,,,"2000-02-22",,"G"
"5887","Van Gelder","Lucas","F","1C","1C7","1C7",,,,,,,,,,,,,,,,,,,,"2001-11-08",,"G"
"3696","Van Goethem","Sacha","F","5","5E","5E",,,,,,,,,,,,,,,,,,,,"1996-06-12",,"TQ"
"6056","Vanhaelen","Félix","M","2S","2SI","2SI",,,,,,,,,,,,,,,,,,,,"1999-05-04",,"G"
"5838","Van Hemelrijck Pazos","Leïla","M","1C","1C6","1C6",,,,,,,,,,,,,,,,,,,,"2001-10-10",,"G"
"4925","Vanhercke","Giovanna","F","3","3C","3C",,,,,,,,,,,,,,,,,,,,"1999-04-29",,"G"
"4098","Vanheuverzwijn","Julie","F","5","5B","5B",,,,,,,,,,,,,,,,,,,,"1997-12-17",,"G"
"5467","Vanheuverzwijn","Mekki Georges","M","2C","2CH","2CH",,,,,,,,,,,,,,,,,,,,"2000-05-03",,"G"
"3667","Vanhoudenhove","Diego","F","6","6C","6C",,,,,,,,,,,,,,,,,,,,"1996-08-27",,"G"
"3181","Van Lersberghe","Chloé","M","6","6B","6B",,,,,,,,,,,,,,,,,,,,"1995-11-09",,"G"
"5484","Van Praet","Alice","F","2C","2CG","2CG",,,,,,,,,,,,,,,,,,,,"2000-05-04",,"G"
"5996","Van Ranst","Jules","F","1C","1C5","1C5",,,,,,,,,,,,,,,,,,,,"2001-02-27",,"G"
"3361","Vansteenacker","Gabrielle","M","6","6A","6A",,,,,,,,,,,,,,,,,,,,"1995-12-22",,"G"
"3399","Vanvarenbergh","Arnaud","M","6","6A","6A",,,,,,,,,,,,,,,,,,,,"1995-11-15",,"G"
"3108","Vanwelde","Juliette","F","6","6E","6E",,,,,,,,,,,,,,,,,,,,"1995-09-29",,"TQ"
"4528","Varisano","Zoë","F","4","4F","4F",,,,,,,,,,,,,,,,,,,,"1998-08-07",,"G"
"4822","Veekman","Dylan","M","3","3F","3F",,,,,,,,,,,,,,,,,,,,"1999-11-11",,"G"
"3619","Veekman","Nicolas","F","6","6C","6C",,,,,,,,,,,,,,,,,,,,"1996-09-06",,"G"
"4911","Vella","Camille","M","3","3C","3C",,,,,,,,,,,,,,,,,,,,"1999-04-04",,"G"
"5424","Verheyden","Jessica","F","2C","2CE","2CE",,,,,,,,,,,,,,,,,,,,"2000-04-03",,"G"
"4099","Verheyden","Hugo","F","5","5D","5D",,,,,,,,,,,,,,,,,,,,"1997-02-11",,"G"
"4572","Verheyen","Méline","F","4","4F","4F",,,,,,,,,,,,,,,,,,,,"1998-03-29",,"G"
"4814","Verhoeven","Andrea","F","3","3F","3F",,,,,,,,,,,,,,,,,,,,"1999-01-11",,"G"
"5000","Vermaut","Chloé","F","3","3C","3C",,,,,,,,,,,,,,,,,,,,"1999-06-08",,"G"
"6068","Verrycken","Elodie","F","3","3A","3A",,,,,,,,,,,,,,,,,,,,"1998-12-16",,"TT"
"5783","Vezgishi","Célia","F","1C","1C5","1C5",,,,,,,,,,,,,,,,,,,,"2001-10-20",,"G"
"5841","Vincent","Pauline","M","1C","1C1","1C1",,,,,,,,,,,,,,,,,,,,"2001-10-16",,"G"
"4871","Vleminckx","Léa","M","2S","2SD","2SD",,,,,,,,,,,,,,,,,,,,"1998-09-15",,"G"
"5481","Vundelinckx","Zoé","M","2C","2CH","2CH",,,,,,,,,,,,,,,,,,,,"2000-10-29",,"G"
"5615","Wachtelaer","Nita","M","2C","2CK","2CK",,,,,,,,,,,,,,,,,,,,"2000-05-17",,"G"
"4809","Walravens","Simon","M","2S","2SI","2SI",,,,,,,,,,,,,,,,,,,,"1999-02-03",,"G"
"3923","Waroquier","Kevin","F","4","4F","4F",,,,,,,,,,,,,,,,,,,,"1997-06-18",,"G"
"5829","Wauters","Fabian","F","1C","1C2","1C2",,,,,,,,,,,,,,,,,,,,"2001-03-13",,"G"
"5438","Waver","Robin","M","2C","2CA","2CA",,,,,,,,,,,,,,,,,,,,"2000-08-02",,"G"
"3684","Waver","Florent","F","6","6A","6A",,,,,,,,,,,,,,,,,,,,"1996-03-28",,"TT"
"4695","Weber","Joëlle","F","4","4D","4D",,,,,,,,,,,,,,,,,,,,"1998-05-18",,"G"
"5479","Weemaes","Shannon","M","2C","2CK","2CK",,,,,,,,,,,,,,,,,,,,"2000-08-22",,"G"
"3658","Wilk","Renaud","M","6","6C","6C",,,,,,,,,,,,,,,,,,,,"1996-04-19",,"G"
"5613","Wollanders","Stéphanie","F","2C","2CA","2CA",,,,,,,,,,,,,,,,,,,,"2000-01-09",,"G"
"4518","Yabada","Laura","F","4","4F","4F",,,,,,,,,,,,,,,,,,,,"1998-10-12",,"G"
"4100","Yabada","Sébastien","F","4","4F","4F",,,,,,,,,,,,,,,,,,,,"1997-05-13",,"G"
"3678","Yabada","Marcin","M","6","6C","6C",,,,,,,,,,,,,,,,,,,,"1996-01-12",,"G"
"5886","Yanssounou","Maude","M","1C","1C4","1C4",,,,,,,,,,,,,,,,,,,,"2001-10-01",,"G"
"5885","Yanssounou","Lieselore","M","1C","1C7","1C7",,,,,,,,,,,,,,,,,,,,"2001-10-01",,"G"
"5575","Yassine","Lorraine","F","2C","2CA","2CA",,,,,,,,,,,,,,,,,,,,"2000-05-22",,"G"
"3675","Yurtseven","Lydéric","F","5","5D","5D",,,,,,,,,,,,,,,,,,,,"1996-08-31",,"G"
"4952","Zaghloul","Axel","F","3","3A","3A",,,,,,,,,,,,,,,,,,,,"1999-06-05",,"TT"
"4758","Zardoua","Jason","F","3","3D","3D",,,,,,,,,,,,,,,,,,,,"1999-04-01",,"G"
"4757","Zardoua","Amal","F","3","3F","3F",,,,,,,,,,,,,,,,,,,,"1999-04-01",,"G"
"4104","Zengin","Hatice Idil","M","5","5C","5C",,,,,,,,,,,,,,,,,,,,"1997-05-31",,"G"
"4929","Zerio Pinto","Shaymae","M","3","3C","3C",,,,,,,,,,,,,,,,,,,,"1999-10-27",,"G"
"4851","Zerrad","Myriam","F","3","3C","3C",,,,,,,,,,,,,,,,,,,,"2000-02-16",,"G"
"4604","Zerrad","Nora","M","4","4D","4D",,,,,,,,,,,,,,,,,,,,"1998-01-06",,"G"
"3493","Zhang","Salih Selim","F","6","6B","6B",,,,,,,,,,,,,,,,,,,,"1996-06-25",,"G"
"4583","Zinbi","Joao Pedro","M","3","3B","3B",,,,,,,,,,,,,,,,,,,,"1998-05-19",,"G"
"5999","Zolli","Lina","M","1C","1C5","1C5",,,,,,,,,,,,,,,,,,,,"2001-02-19",,"G"
"3601","Zonios","Rayane","M","5","5D","5D",,,,,,,,,,,,,,,,,,,,"1996-01-03",,"G"
"4437","Zoubaa","Tsinxias","F","4","4C","4C",,,,,,,,,,,,,,,,,,,,"1997-06-15",,"G"
"3640","Zylalaj","Ismail","F","5","5A","5A",,,,,,,,,,,,,,,,,,,,"1996-11-14",,"TT"
"4548","Zylalaj","Mattia","M","4","4E","4E",,,,,,,,,,,,,,,,,,,,"1998-05-05",,"G"
